"Cov","Width","Dataset","Trial","Score_Distribution"
0.9565,8.29380350868766,"LogNormal",1,"SCP"
0.9375,7.28595882100716,"LogNormal",1,"RSA-CP Gamma"
0.942,7.36726110155936,"LogNormal",1,"RSA-CP Normal"
0.937,7.27520909901436,"LogNormal",1,"RSA-CP Beta"
0.8635,4.08014065442793,"Student-t",1,"SCP"
0.851,3.91550893484348,"Student-t",1,"RSA-CP Gamma"
0.851,3.91908859303228,"Student-t",1,"RSA-CP Normal"
0.851,3.91908859303228,"Student-t",1,"RSA-CP Beta"
0.9565,8.29739787576571,"LogNormal",2,"SCP"
0.923,6.92303642937858,"LogNormal",2,"RSA-CP Gamma"
0.9165,6.70522275073841,"LogNormal",2,"RSA-CP Normal"
0.929,7.10139137189964,"LogNormal",2,"RSA-CP Beta"
0.9685,7.5196577234253,"Student-t",2,"SCP"
0.951,6.32447180384831,"Student-t",2,"RSA-CP Gamma"
0.951,6.3155316132978,"Student-t",2,"RSA-CP Normal"
0.9555,6.56043453594952,"Student-t",2,"RSA-CP Beta"
0.9485,7.70765826625049,"LogNormal",3,"SCP"
0.9485,7.66893325164839,"LogNormal",3,"RSA-CP Gamma"
0.9485,7.6645498895672,"LogNormal",3,"RSA-CP Normal"
0.9485,7.67169974604209,"LogNormal",3,"RSA-CP Beta"
0.996,13.0868453591454,"Student-t",3,"SCP"
0.9855,9.51126257003359,"Student-t",3,"RSA-CP Gamma"
0.9865,10.0994741180659,"Student-t",3,"RSA-CP Normal"
0.9855,9.57461092753403,"Student-t",3,"RSA-CP Beta"
0.9585,8.55036764210883,"LogNormal",4,"SCP"
0.9515,7.90432536155845,"LogNormal",4,"RSA-CP Gamma"
0.9515,7.93620243724978,"LogNormal",4,"RSA-CP Normal"
0.9515,7.93673405344315,"LogNormal",4,"RSA-CP Beta"
0.9855,9.59937555003755,"Student-t",4,"SCP"
0.9735,7.97625384600698,"Student-t",4,"RSA-CP Gamma"
0.9735,8.04199124413988,"Student-t",4,"RSA-CP Normal"
0.9775,8.33053703808603,"Student-t",4,"RSA-CP Beta"
0.981,11.4844993146529,"LogNormal",5,"SCP"
0.979,10.7909283525535,"LogNormal",5,"RSA-CP Gamma"
0.979,10.931018812922,"LogNormal",5,"RSA-CP Normal"
0.979,10.7925300986843,"LogNormal",5,"RSA-CP Beta"
0.903,4.76025021677416,"Student-t",5,"SCP"
0.9005,4.68107562679091,"Student-t",5,"RSA-CP Gamma"
0.9005,4.67925439451847,"Student-t",5,"RSA-CP Normal"
0.901,4.68754345286545,"Student-t",5,"RSA-CP Beta"
0.953,8.02115444905368,"LogNormal",6,"SCP"
0.9485,7.66263933029429,"LogNormal",6,"RSA-CP Gamma"
0.9475,7.59410404248745,"LogNormal",6,"RSA-CP Normal"
0.948,7.62111202088317,"LogNormal",6,"RSA-CP Beta"
0.954,6.50146915907604,"Student-t",6,"SCP"
0.949,6.2428040862945,"Student-t",6,"RSA-CP Gamma"
0.9485,6.21803647785045,"Student-t",6,"RSA-CP Normal"
0.949,6.25813281497304,"Student-t",6,"RSA-CP Beta"
0.9675,9.39864439389628,"LogNormal",7,"SCP"
0.9675,9.35699170796562,"LogNormal",7,"RSA-CP Gamma"
0.9675,9.35555300656393,"LogNormal",7,"RSA-CP Normal"
0.9675,9.35621938576273,"LogNormal",7,"RSA-CP Beta"
0.9855,9.54516735730813,"Student-t",7,"SCP"
0.983,8.94103511057006,"Student-t",7,"RSA-CP Gamma"
0.9825,8.87577194200238,"Student-t",7,"RSA-CP Normal"
0.9835,9.07336226995805,"Student-t",7,"RSA-CP Beta"
0.9675,9.36721537535219,"LogNormal",8,"SCP"
0.967,9.27337448186996,"LogNormal",8,"RSA-CP Gamma"
0.967,9.26327088372069,"LogNormal",8,"RSA-CP Normal"
0.967,9.28110841838337,"LogNormal",8,"RSA-CP Beta"
0.856,4.00309168961894,"Student-t",8,"SCP"
0.8335,3.65045271037889,"Student-t",8,"RSA-CP Gamma"
0.8375,3.68707409509987,"Student-t",8,"RSA-CP Normal"
0.8335,3.65037843616969,"Student-t",8,"RSA-CP Beta"
0.986,12.6089393941228,"LogNormal",9,"SCP"
0.982,11.8099692752114,"LogNormal",9,"RSA-CP Gamma"
0.982,11.8831483146757,"LogNormal",9,"RSA-CP Normal"
0.982,11.825181737531,"LogNormal",9,"RSA-CP Beta"
0.9775,8.31354794447023,"Student-t",9,"SCP"
0.951,6.35781387752151,"Student-t",9,"RSA-CP Gamma"
0.9565,6.58469505812304,"Student-t",9,"RSA-CP Normal"
0.9545,6.53112794022129,"Student-t",9,"RSA-CP Beta"
0.9435,7.41089918624173,"LogNormal",10,"SCP"
0.928,7.03969993018873,"LogNormal",10,"RSA-CP Gamma"
0.9285,7.07274850957191,"LogNormal",10,"RSA-CP Normal"
0.929,7.11720733500167,"LogNormal",10,"RSA-CP Beta"
0.9665,7.29013774615313,"Student-t",10,"SCP"
0.946,6.11437048025482,"Student-t",10,"RSA-CP Gamma"
0.9485,6.22092325536816,"Student-t",10,"RSA-CP Normal"
0.9485,6.21904303279755,"Student-t",10,"RSA-CP Beta"
0.9985,24.0418746908441,"LogNormal",11,"SCP"
0.997,21.0869704493386,"LogNormal",11,"RSA-CP Gamma"
0.997,21.0487359708688,"LogNormal",11,"RSA-CP Normal"
0.997,21.6754430133088,"LogNormal",11,"RSA-CP Beta"
0.988,10.4982970502261,"Student-t",11,"SCP"
0.9855,9.75242498244907,"Student-t",11,"RSA-CP Gamma"
0.9855,9.79175911569662,"Student-t",11,"RSA-CP Normal"
0.9855,9.76253059679023,"Student-t",11,"RSA-CP Beta"
0.988,13.7245114484162,"LogNormal",12,"SCP"
0.98,11.1151631694999,"LogNormal",12,"RSA-CP Gamma"
0.9805,11.3099062282291,"LogNormal",12,"RSA-CP Normal"
0.982,11.7981987235065,"LogNormal",12,"RSA-CP Beta"
0.9935,11.8269914269168,"Student-t",12,"SCP"
0.9835,9.18132276659506,"Student-t",12,"RSA-CP Gamma"
0.984,9.28933733005119,"Student-t",12,"RSA-CP Normal"
0.9835,9.06909839538008,"Student-t",12,"RSA-CP Beta"
0.9735,10.0701137521879,"LogNormal",13,"SCP"
0.9435,7.40262103693095,"LogNormal",13,"RSA-CP Gamma"
0.9515,7.88699481014469,"LogNormal",13,"RSA-CP Normal"
0.944,7.41548405879734,"LogNormal",13,"RSA-CP Beta"
0.9795,8.50893582242168,"Student-t",13,"SCP"
0.948,6.21341300061884,"Student-t",13,"RSA-CP Gamma"
0.9565,6.60428150437255,"Student-t",13,"RSA-CP Normal"
0.9525,6.38914307738696,"Student-t",13,"RSA-CP Beta"
0.994,18.8126434919874,"LogNormal",14,"SCP"
0.99,16.3859400624462,"LogNormal",14,"RSA-CP Gamma"
0.99,16.360991094786,"LogNormal",14,"RSA-CP Normal"
0.99,16.2679288791862,"LogNormal",14,"RSA-CP Beta"
0.9665,7.40968836190148,"Student-t",14,"SCP"
0.962,6.93466429244168,"Student-t",14,"RSA-CP Gamma"
0.962,6.97413412417168,"Student-t",14,"RSA-CP Normal"
0.962,6.99076404135915,"Student-t",14,"RSA-CP Beta"
0.9815,11.6678504515602,"LogNormal",15,"SCP"
0.969,9.63271238281943,"LogNormal",15,"RSA-CP Gamma"
0.969,9.61310441941939,"LogNormal",15,"RSA-CP Normal"
0.9685,9.57612294776051,"LogNormal",15,"RSA-CP Beta"
0.884,4.40674005140469,"Student-t",15,"SCP"
0.8835,4.39369690685287,"Student-t",15,"RSA-CP Gamma"
0.8835,4.39724547029474,"Student-t",15,"RSA-CP Normal"
0.8835,4.39894854084945,"Student-t",15,"RSA-CP Beta"
0.979,10.5455875467658,"LogNormal",16,"SCP"
0.9595,8.68438437363372,"LogNormal",16,"RSA-CP Gamma"
0.9575,8.49183808904281,"LogNormal",16,"RSA-CP Normal"
0.959,8.6183122733477,"LogNormal",16,"RSA-CP Beta"
0.9235,5.35152798796979,"Student-t",16,"SCP"
0.8985,4.65507850365734,"Student-t",16,"RSA-CP Gamma"
0.896,4.57828619290909,"Student-t",16,"RSA-CP Normal"
0.9015,4.70655304295527,"Student-t",16,"RSA-CP Beta"
0.947,7.56392957307292,"LogNormal",17,"SCP"
0.939,7.30388316639746,"LogNormal",17,"RSA-CP Gamma"
0.939,7.29984249992686,"LogNormal",17,"RSA-CP Normal"
0.939,7.31262212177451,"LogNormal",17,"RSA-CP Beta"
0.983,9.01901340347491,"Student-t",17,"SCP"
0.9825,8.8830811667433,"Student-t",17,"RSA-CP Gamma"
0.9825,8.89443546574985,"Student-t",17,"RSA-CP Normal"
0.983,8.90070937641812,"Student-t",17,"RSA-CP Beta"
0.953,8.04947800592909,"LogNormal",18,"SCP"
0.916,6.66213198513801,"LogNormal",18,"RSA-CP Gamma"
0.9175,6.78820750173222,"LogNormal",18,"RSA-CP Normal"
0.91,6.56170539843763,"LogNormal",18,"RSA-CP Beta"
0.951,6.36444441884323,"Student-t",18,"SCP"
0.946,6.10217975432233,"Student-t",18,"RSA-CP Gamma"
0.946,6.1322659555393,"Student-t",18,"RSA-CP Normal"
0.946,6.12704788150727,"Student-t",18,"RSA-CP Beta"
0.918,6.84337007055796,"LogNormal",19,"SCP"
0.917,6.75585361813467,"LogNormal",19,"RSA-CP Gamma"
0.917,6.76428122195278,"LogNormal",19,"RSA-CP Normal"
0.917,6.7712405004728,"LogNormal",19,"RSA-CP Beta"
0.946,6.12584638669704,"Student-t",19,"SCP"
0.912,5.02179464788238,"Student-t",19,"RSA-CP Gamma"
0.917,5.1752441362349,"Student-t",19,"RSA-CP Normal"
0.916,5.15796391521786,"Student-t",19,"RSA-CP Beta"
0.978,10.4493231637083,"LogNormal",20,"SCP"
0.955,8.17489446402154,"LogNormal",20,"RSA-CP Gamma"
0.953,7.99946373097013,"LogNormal",20,"RSA-CP Normal"
0.957,8.44304432314154,"LogNormal",20,"RSA-CP Beta"
0.927,5.56767642757304,"Student-t",20,"SCP"
0.923,5.33564971811151,"Student-t",20,"RSA-CP Gamma"
0.9255,5.3990354675076,"Student-t",20,"RSA-CP Normal"
0.923,5.3365171241051,"Student-t",20,"RSA-CP Beta"
0.969,9.65403350455178,"LogNormal",21,"SCP"
0.953,8.04899256549527,"LogNormal",21,"RSA-CP Gamma"
0.955,8.21595111497106,"LogNormal",21,"RSA-CP Normal"
0.9565,8.31672155421356,"LogNormal",21,"RSA-CP Beta"
0.946,6.08326049137032,"Student-t",21,"SCP"
0.94,5.92295245629902,"Student-t",21,"RSA-CP Gamma"
0.94,5.91803239366317,"Student-t",21,"RSA-CP Normal"
0.9395,5.89390327683336,"Student-t",21,"RSA-CP Beta"
0.979,10.5800576680381,"LogNormal",22,"SCP"
0.9665,9.17473463025427,"LogNormal",22,"RSA-CP Gamma"
0.967,9.2770585038749,"LogNormal",22,"RSA-CP Normal"
0.9675,9.35736947573184,"LogNormal",22,"RSA-CP Beta"
0.926,5.4129758498887,"Student-t",22,"SCP"
0.9185,5.1859506419265,"Student-t",22,"RSA-CP Gamma"
0.916,5.16912718740646,"Student-t",22,"RSA-CP Normal"
0.919,5.21207297761448,"Student-t",22,"RSA-CP Beta"
0.942,7.35388001508767,"LogNormal",23,"SCP"
0.929,7.09354740498398,"LogNormal",23,"RSA-CP Gamma"
0.93,7.12419129968974,"LogNormal",23,"RSA-CP Normal"
0.931,7.14500344020199,"LogNormal",23,"RSA-CP Beta"
0.9715,7.79005488442854,"Student-t",23,"SCP"
0.9625,7.03868676371072,"Student-t",23,"RSA-CP Gamma"
0.9635,7.08542669460169,"Student-t",23,"RSA-CP Normal"
0.962,7.00546996124013,"Student-t",23,"RSA-CP Beta"
0.978,10.4534789858358,"LogNormal",24,"SCP"
0.963,8.86834537012487,"LogNormal",24,"RSA-CP Gamma"
0.9665,9.13997142538431,"LogNormal",24,"RSA-CP Normal"
0.9665,9.16993756306385,"LogNormal",24,"RSA-CP Beta"
0.984,9.21850892866889,"Student-t",24,"SCP"
0.9745,8.16551576927986,"Student-t",24,"RSA-CP Gamma"
0.9775,8.32195383139893,"Student-t",24,"RSA-CP Normal"
0.9775,8.31984908014269,"Student-t",24,"RSA-CP Beta"
0.979,10.7197383946277,"LogNormal",25,"SCP"
0.9775,10.4379420060225,"LogNormal",25,"RSA-CP Gamma"
0.977,10.40254184084,"LogNormal",25,"RSA-CP Normal"
0.977,10.4023056462898,"LogNormal",25,"RSA-CP Beta"
0.996,13.3416273137292,"Student-t",25,"SCP"
0.988,10.4853829435261,"Student-t",25,"RSA-CP Gamma"
0.988,10.480680437571,"Student-t",25,"RSA-CP Normal"
0.9885,10.6095095411767,"Student-t",25,"RSA-CP Beta"
0.9665,9.08113980793706,"LogNormal",26,"SCP"
0.9485,7.66600505122738,"LogNormal",26,"RSA-CP Gamma"
0.9485,7.67873135343199,"LogNormal",26,"RSA-CP Normal"
0.9485,7.72506442280824,"LogNormal",26,"RSA-CP Beta"
0.9665,7.39065297597626,"Student-t",26,"SCP"
0.935,5.80268031881886,"Student-t",26,"RSA-CP Gamma"
0.936,5.8199254000419,"Student-t",26,"RSA-CP Normal"
0.9355,5.80891287087744,"Student-t",26,"RSA-CP Beta"
0.9735,10.0830323081333,"LogNormal",27,"SCP"
0.957,8.38520980624764,"LogNormal",27,"RSA-CP Gamma"
0.9585,8.5884898822388,"LogNormal",27,"RSA-CP Normal"
0.957,8.43552224990316,"LogNormal",27,"RSA-CP Beta"
0.9665,7.3908669602746,"Student-t",27,"SCP"
0.9585,6.72499832177799,"Student-t",27,"RSA-CP Gamma"
0.9605,6.76938387384956,"Student-t",27,"RSA-CP Normal"
0.9615,6.84636141217326,"Student-t",27,"RSA-CP Beta"
0.855,5.47045402295762,"LogNormal",28,"SCP"
0.8435,5.2952248883997,"LogNormal",28,"RSA-CP Gamma"
0.844,5.31236879997565,"LogNormal",28,"RSA-CP Normal"
0.8445,5.31913981529328,"LogNormal",28,"RSA-CP Beta"
0.906,4.85449023898088,"Student-t",28,"SCP"
0.9005,4.6673185360981,"Student-t",28,"RSA-CP Gamma"
0.901,4.68566056180819,"Student-t",28,"RSA-CP Normal"
0.901,4.69215479100856,"Student-t",28,"RSA-CP Beta"
0.9055,6.47724854815302,"LogNormal",29,"SCP"
0.902,6.40884881740638,"LogNormal",29,"RSA-CP Gamma"
0.902,6.41762215419276,"LogNormal",29,"RSA-CP Normal"
0.902,6.41398345708296,"LogNormal",29,"RSA-CP Beta"
0.8685,4.18507810344096,"Student-t",29,"SCP"
0.8535,3.98089764661747,"Student-t",29,"RSA-CP Gamma"
0.8535,3.96971593675331,"Student-t",29,"RSA-CP Normal"
0.854,3.98389349367028,"Student-t",29,"RSA-CP Beta"
0.947,7.58265723993032,"LogNormal",30,"SCP"
0.9455,7.45368922064689,"LogNormal",30,"RSA-CP Gamma"
0.946,7.4748738397606,"LogNormal",30,"RSA-CP Normal"
0.946,7.48396474910603,"LogNormal",30,"RSA-CP Beta"
0.9675,7.44172116151411,"Student-t",30,"SCP"
0.965,7.14738063782874,"Student-t",30,"RSA-CP Gamma"
0.965,7.16033679784851,"Student-t",30,"RSA-CP Normal"
0.965,7.16640767188663,"Student-t",30,"RSA-CP Beta"
0.9765,10.3500625558401,"LogNormal",31,"SCP"
0.961,8.77770002134018,"LogNormal",31,"RSA-CP Gamma"
0.9615,8.81258115213834,"LogNormal",31,"RSA-CP Normal"
0.963,8.86697980122562,"LogNormal",31,"RSA-CP Beta"
0.987,10.3570810452201,"Student-t",31,"SCP"
0.983,8.9525175476259,"Student-t",31,"RSA-CP Gamma"
0.983,8.94656795456562,"Student-t",31,"RSA-CP Normal"
0.9825,8.85333757737561,"Student-t",31,"RSA-CP Beta"
0.8945,6.24888470870226,"LogNormal",32,"SCP"
0.8905,6.15715228956185,"LogNormal",32,"RSA-CP Gamma"
0.891,6.17191814750522,"LogNormal",32,"RSA-CP Normal"
0.891,6.17054711430171,"LogNormal",32,"RSA-CP Beta"
0.9685,7.55971345637142,"Student-t",32,"SCP"
0.942,5.94485936004051,"Student-t",32,"RSA-CP Gamma"
0.949,6.25590590695926,"Student-t",32,"RSA-CP Normal"
0.9465,6.18362332297202,"Student-t",32,"RSA-CP Beta"
0.9835,12.1533549008919,"LogNormal",33,"SCP"
0.983,12.0295882294974,"LogNormal",33,"RSA-CP Gamma"
0.983,12.0178453125216,"LogNormal",33,"RSA-CP Normal"
0.983,12.0394903723207,"LogNormal",33,"RSA-CP Beta"
0.994,11.9252931160108,"Student-t",33,"SCP"
0.976,8.22266567086407,"Student-t",33,"RSA-CP Gamma"
0.973,7.93304268358329,"Student-t",33,"RSA-CP Normal"
0.9775,8.29374442076187,"Student-t",33,"RSA-CP Beta"
0.9215,6.88974045215622,"LogNormal",34,"SCP"
0.913,6.604514160629,"LogNormal",34,"RSA-CP Gamma"
0.912,6.59653271572702,"LogNormal",34,"RSA-CP Normal"
0.912,6.59864406077384,"LogNormal",34,"RSA-CP Beta"
0.9735,8.00123617745933,"Student-t",34,"SCP"
0.966,7.257657517873,"Student-t",34,"RSA-CP Gamma"
0.9685,7.5185839707058,"Student-t",34,"RSA-CP Normal"
0.9665,7.35776859616729,"Student-t",34,"RSA-CP Beta"
0.9605,8.76817540198401,"LogNormal",35,"SCP"
0.959,8.64408039331942,"LogNormal",35,"RSA-CP Gamma"
0.959,8.63945647871939,"LogNormal",35,"RSA-CP Normal"
0.959,8.63906291595286,"LogNormal",35,"RSA-CP Beta"
0.9935,11.8572109724253,"Student-t",35,"SCP"
0.986,10.0169891350067,"Student-t",35,"RSA-CP Gamma"
0.9855,9.77165884941557,"Student-t",35,"RSA-CP Normal"
0.986,9.89511675151818,"Student-t",35,"RSA-CP Beta"
0.9755,10.2914615738667,"LogNormal",36,"SCP"
0.9535,8.08017782337994,"LogNormal",36,"RSA-CP Gamma"
0.959,8.61588773195089,"LogNormal",36,"RSA-CP Normal"
0.9565,8.29175502508397,"LogNormal",36,"RSA-CP Beta"
0.8655,4.13105023819289,"Student-t",36,"SCP"
0.8315,3.63601933117555,"Student-t",36,"RSA-CP Gamma"
0.8265,3.58851310027274,"Student-t",36,"RSA-CP Normal"
0.8275,3.60811325189853,"Student-t",36,"RSA-CP Beta"
0.9485,7.71506548702876,"LogNormal",37,"SCP"
0.938,7.29136481644577,"LogNormal",37,"RSA-CP Gamma"
0.9405,7.33986094452401,"LogNormal",37,"RSA-CP Normal"
0.9365,7.26259925037113,"LogNormal",37,"RSA-CP Beta"
0.962,6.96938749889497,"Student-t",37,"SCP"
0.9495,6.29499239781394,"Student-t",37,"RSA-CP Gamma"
0.952,6.38204237091494,"Student-t",37,"RSA-CP Normal"
0.9525,6.4121817906221,"Student-t",37,"RSA-CP Beta"
0.9675,9.42123354958572,"LogNormal",38,"SCP"
0.9615,8.80187165157505,"LogNormal",38,"RSA-CP Gamma"
0.9615,8.81530623824264,"LogNormal",38,"RSA-CP Normal"
0.9615,8.80632341915979,"LogNormal",38,"RSA-CP Beta"
0.9565,6.60810881484742,"Student-t",38,"SCP"
0.943,5.97145180391954,"Student-t",38,"RSA-CP Gamma"
0.9425,5.95319122518913,"Student-t",38,"RSA-CP Normal"
0.9435,5.98781354757261,"Student-t",38,"RSA-CP Beta"
0.882,5.98097153664734,"LogNormal",39,"SCP"
0.8565,5.51747342258915,"LogNormal",39,"RSA-CP Gamma"
0.8595,5.59747220768528,"LogNormal",39,"RSA-CP Normal"
0.8565,5.52017550323394,"LogNormal",39,"RSA-CP Beta"
0.944,6.00209993466904,"Student-t",39,"SCP"
0.923,5.34829837679394,"Student-t",39,"RSA-CP Gamma"
0.9245,5.38149256845005,"Student-t",39,"RSA-CP Normal"
0.9235,5.36170766930134,"Student-t",39,"RSA-CP Beta"
0.982,11.8848138805531,"LogNormal",40,"SCP"
0.978,10.4484599457464,"LogNormal",40,"RSA-CP Gamma"
0.9775,10.4199468460937,"LogNormal",40,"RSA-CP Normal"
0.9765,10.3274690537819,"LogNormal",40,"RSA-CP Beta"
0.9795,8.54837288919441,"Student-t",40,"SCP"
0.967,7.43092363761466,"Student-t",40,"RSA-CP Gamma"
0.968,7.48935245424389,"Student-t",40,"RSA-CP Normal"
0.968,7.49675913703864,"Student-t",40,"RSA-CP Beta"
0.929,7.10904258200192,"LogNormal",41,"SCP"
0.9225,6.91660167393356,"LogNormal",41,"RSA-CP Gamma"
0.9215,6.89815801893995,"LogNormal",41,"RSA-CP Normal"
0.9245,6.93643426200282,"LogNormal",41,"RSA-CP Beta"
0.9895,10.9996685622367,"Student-t",41,"SCP"
0.9875,10.4052473260773,"Student-t",41,"RSA-CP Gamma"
0.987,10.3542665600574,"Student-t",41,"RSA-CP Normal"
0.9875,10.4332016875354,"Student-t",41,"RSA-CP Beta"
0.98,11.0980824779827,"LogNormal",42,"SCP"
0.9705,9.85471114057752,"LogNormal",42,"RSA-CP Gamma"
0.9705,9.85529981256087,"LogNormal",42,"RSA-CP Normal"
0.9705,9.94696848949365,"LogNormal",42,"RSA-CP Beta"
0.943,5.96993722715164,"Student-t",42,"SCP"
0.937,5.83308418313667,"Student-t",42,"RSA-CP Gamma"
0.937,5.83244256710212,"Student-t",42,"RSA-CP Normal"
0.937,5.82797738247551,"Student-t",42,"RSA-CP Beta"
0.9575,8.47232689258015,"LogNormal",43,"SCP"
0.9455,7.43439682648572,"LogNormal",43,"RSA-CP Gamma"
0.9455,7.43031352409239,"LogNormal",43,"RSA-CP Normal"
0.946,7.4716195884163,"LogNormal",43,"RSA-CP Beta"
0.97,7.7123558329485,"Student-t",43,"SCP"
0.9525,6.41489058228002,"Student-t",43,"RSA-CP Gamma"
0.9465,6.17889808648123,"Student-t",43,"RSA-CP Normal"
0.9525,6.40606934098318,"Student-t",43,"RSA-CP Beta"
0.963,8.89441639121857,"LogNormal",44,"SCP"
0.957,8.41810547584416,"LogNormal",44,"RSA-CP Gamma"
0.957,8.38282790414672,"LogNormal",44,"RSA-CP Normal"
0.957,8.37805461510569,"LogNormal",44,"RSA-CP Beta"
0.926,5.44141492552431,"Student-t",44,"SCP"
0.9245,5.37914764961757,"Student-t",44,"RSA-CP Gamma"
0.924,5.37416210641405,"Student-t",44,"RSA-CP Normal"
0.9245,5.38474032546892,"Student-t",44,"RSA-CP Beta"
0.9605,8.77031353412162,"LogNormal",45,"SCP"
0.9575,8.47289968181058,"LogNormal",45,"RSA-CP Gamma"
0.957,8.45646785437513,"LogNormal",45,"RSA-CP Normal"
0.957,8.41837512691226,"LogNormal",45,"RSA-CP Beta"
0.9945,12.4546554438132,"Student-t",45,"SCP"
0.983,8.93783400946655,"Student-t",45,"RSA-CP Gamma"
0.9825,8.8732434649049,"Student-t",45,"RSA-CP Normal"
0.984,9.29163372586043,"Student-t",45,"RSA-CP Beta"
0.9585,8.51613420143812,"LogNormal",46,"SCP"
0.937,7.27115476100239,"LogNormal",46,"RSA-CP Gamma"
0.9435,7.40404017682345,"LogNormal",46,"RSA-CP Normal"
0.9425,7.38923134750501,"LogNormal",46,"RSA-CP Beta"
0.9855,9.71437311465492,"Student-t",46,"SCP"
0.974,8.05731564008178,"Student-t",46,"RSA-CP Gamma"
0.9715,7.79537334491534,"Student-t",46,"RSA-CP Normal"
0.9735,8.0403257763852,"Student-t",46,"RSA-CP Beta"
0.984,12.1737664059418,"LogNormal",47,"SCP"
0.9665,9.01482508418176,"LogNormal",47,"RSA-CP Gamma"
0.9665,9.23147842957219,"LogNormal",47,"RSA-CP Normal"
0.97,9.7905231941113,"LogNormal",47,"RSA-CP Beta"
0.9155,5.13706242558594,"Student-t",47,"SCP"
0.914,5.10351104694781,"Student-t",47,"RSA-CP Gamma"
0.9145,5.10914709752125,"Student-t",47,"RSA-CP Normal"
0.915,5.11584305704548,"Student-t",47,"RSA-CP Beta"
0.959,8.65549845035833,"LogNormal",48,"SCP"
0.9515,7.89908518403417,"LogNormal",48,"RSA-CP Gamma"
0.9515,7.89010201758655,"LogNormal",48,"RSA-CP Normal"
0.9515,7.89140489414951,"LogNormal",48,"RSA-CP Beta"
0.996,13.3416273137292,"Student-t",48,"SCP"
0.986,9.95043561660279,"Student-t",48,"RSA-CP Gamma"
0.9885,10.5703392296306,"Student-t",48,"RSA-CP Normal"
0.986,9.98856123391917,"Student-t",48,"RSA-CP Beta"
0.953,7.95006042683084,"LogNormal",49,"SCP"
0.947,7.58747545696136,"LogNormal",49,"RSA-CP Gamma"
0.9465,7.558110380182,"LogNormal",49,"RSA-CP Normal"
0.948,7.6424020943552,"LogNormal",49,"RSA-CP Beta"
0.932,5.70500912160599,"Student-t",49,"SCP"
0.9005,4.6686999623566,"Student-t",49,"RSA-CP Gamma"
0.903,4.74881081474205,"Student-t",49,"RSA-CP Normal"
0.901,4.6863072443502,"Student-t",49,"RSA-CP Beta"
0.9665,9.14941022138395,"LogNormal",50,"SCP"
0.9665,9.01309808032294,"LogNormal",50,"RSA-CP Gamma"
0.9665,9.00623563986542,"LogNormal",50,"RSA-CP Normal"
0.9665,9.05071087759315,"LogNormal",50,"RSA-CP Beta"
0.988,10.4805768124585,"Student-t",50,"SCP"
0.9775,8.30850812482384,"Student-t",50,"RSA-CP Gamma"
0.9795,8.52436445499293,"Student-t",50,"RSA-CP Normal"
0.9815,8.6848760606966,"Student-t",50,"RSA-CP Beta"
0.999,25.3073972205438,"LogNormal",51,"SCP"
0.99,16.5829502840417,"LogNormal",51,"RSA-CP Gamma"
0.989,15.6763386364048,"LogNormal",51,"RSA-CP Normal"
0.988,13.7268380538394,"LogNormal",51,"RSA-CP Beta"
0.9665,7.32028976936499,"Student-t",51,"SCP"
0.9395,5.89341150700213,"Student-t",51,"RSA-CP Gamma"
0.946,6.06634681312668,"Student-t",51,"RSA-CP Normal"
0.9435,5.98787394376805,"Student-t",51,"RSA-CP Beta"
0.9215,6.89282895993902,"LogNormal",52,"SCP"
0.91,6.56183763327635,"LogNormal",52,"RSA-CP Gamma"
0.911,6.57251701708549,"LogNormal",52,"RSA-CP Normal"
0.9115,6.58491799258943,"LogNormal",52,"RSA-CP Beta"
0.968,7.45872037238653,"Student-t",52,"SCP"
0.9615,6.8815927574309,"Student-t",52,"RSA-CP Gamma"
0.962,6.94793698776522,"Student-t",52,"RSA-CP Normal"
0.962,6.98648156360517,"Student-t",52,"RSA-CP Beta"
0.981,11.4005671189001,"LogNormal",53,"SCP"
0.9665,9.19646637948083,"LogNormal",53,"RSA-CP Gamma"
0.9585,8.58230933141305,"LogNormal",53,"RSA-CP Normal"
0.9665,9.12216799824244,"LogNormal",53,"RSA-CP Beta"
0.9455,6.05477519177097,"Student-t",53,"SCP"
0.939,5.88858139598585,"Student-t",53,"RSA-CP Gamma"
0.9385,5.86805916134711,"Student-t",53,"RSA-CP Normal"
0.939,5.88929855095937,"Student-t",53,"RSA-CP Beta"
0.9675,9.53412281414558,"LogNormal",54,"SCP"
0.9535,8.06652356396761,"LogNormal",54,"RSA-CP Gamma"
0.9535,8.07475061738042,"LogNormal",54,"RSA-CP Normal"
0.9535,8.09743250113711,"LogNormal",54,"RSA-CP Beta"
0.9275,5.5896887894684,"Student-t",54,"SCP"
0.912,5.04039961036489,"Student-t",54,"RSA-CP Gamma"
0.912,5.03243724587035,"Student-t",54,"RSA-CP Normal"
0.912,5.04614348717835,"Student-t",54,"RSA-CP Beta"
0.9735,10.0980288755428,"LogNormal",55,"SCP"
0.957,8.40166963810321,"LogNormal",55,"RSA-CP Gamma"
0.955,8.22384142671627,"LogNormal",55,"RSA-CP Normal"
0.957,8.43657865733847,"LogNormal",55,"RSA-CP Beta"
0.912,4.97389593873222,"Student-t",55,"SCP"
0.905,4.81531201948358,"Student-t",55,"RSA-CP Gamma"
0.906,4.83948916010715,"Student-t",55,"RSA-CP Normal"
0.905,4.82954842085946,"Student-t",55,"RSA-CP Beta"
0.981,11.6546200692675,"LogNormal",56,"SCP"
0.965,8.95505106815328,"LogNormal",56,"RSA-CP Gamma"
0.9695,9.7650829511233,"LogNormal",56,"RSA-CP Normal"
0.9675,9.30734468778939,"LogNormal",56,"RSA-CP Beta"
0.928,5.60403284431014,"Student-t",56,"SCP"
0.915,5.11687546628349,"Student-t",56,"RSA-CP Gamma"
0.917,5.17278683613899,"Student-t",56,"RSA-CP Normal"
0.913,5.087972387755,"Student-t",56,"RSA-CP Beta"
0.9515,7.90235351018227,"LogNormal",57,"SCP"
0.9285,7.08408376413132,"LogNormal",57,"RSA-CP Gamma"
0.928,7.02746419684505,"LogNormal",57,"RSA-CP Normal"
0.9285,7.07970936094379,"LogNormal",57,"RSA-CP Beta"
0.9875,10.401816502851,"Student-t",57,"SCP"
0.9795,8.4439441606655,"Student-t",57,"RSA-CP Gamma"
0.9805,8.58922577744411,"Student-t",57,"RSA-CP Normal"
0.9815,8.70215761077244,"Student-t",57,"RSA-CP Beta"
0.953,7.97361369378681,"LogNormal",58,"SCP"
0.949,7.73898209925377,"LogNormal",58,"RSA-CP Gamma"
0.949,7.74662245212576,"LogNormal",58,"RSA-CP Normal"
0.9495,7.76337515279802,"LogNormal",58,"RSA-CP Beta"
0.9615,6.85396911100306,"Student-t",58,"SCP"
0.951,6.33095684783693,"Student-t",58,"RSA-CP Gamma"
0.949,6.2693671652563,"Student-t",58,"RSA-CP Normal"
0.9525,6.39638403867375,"Student-t",58,"RSA-CP Beta"
0.9915,17.4857551720229,"LogNormal",59,"SCP"
0.9845,12.5343390198852,"LogNormal",59,"RSA-CP Gamma"
0.984,12.2278996093521,"LogNormal",59,"RSA-CP Normal"
0.9795,10.9965355658935,"LogNormal",59,"RSA-CP Beta"
0.9775,8.29933089293177,"Student-t",59,"SCP"
0.97,7.682025272659,"Student-t",59,"RSA-CP Gamma"
0.9715,7.79838938941551,"Student-t",59,"RSA-CP Normal"
0.971,7.75444647519041,"Student-t",59,"RSA-CP Beta"
0.967,9.25136982119149,"LogNormal",60,"SCP"
0.9665,9.01012101343581,"LogNormal",60,"RSA-CP Gamma"
0.9665,9.00760230541614,"LogNormal",60,"RSA-CP Normal"
0.9665,9.04792657742852,"LogNormal",60,"RSA-CP Beta"
0.994,11.9162839623621,"Student-t",60,"SCP"
0.9855,9.79218754061338,"Student-t",60,"RSA-CP Gamma"
0.9865,10.0444001385038,"Student-t",60,"RSA-CP Normal"
0.986,9.97101651295478,"Student-t",60,"RSA-CP Beta"
0.9675,9.32589626186296,"LogNormal",61,"SCP"
0.9665,9.1869108958041,"LogNormal",61,"RSA-CP Gamma"
0.9665,9.21907176745903,"LogNormal",61,"RSA-CP Normal"
0.9665,9.22954974669637,"LogNormal",61,"RSA-CP Beta"
0.985,9.41824314358173,"Student-t",61,"SCP"
0.9795,8.42571435797193,"Student-t",61,"RSA-CP Gamma"
0.9795,8.54242191100546,"Student-t",61,"RSA-CP Normal"
0.9805,8.61431895383851,"Student-t",61,"RSA-CP Beta"
0.9665,9.23933371450171,"LogNormal",62,"SCP"
0.9475,7.61833648536549,"LogNormal",62,"RSA-CP Gamma"
0.9475,7.60649472598945,"LogNormal",62,"RSA-CP Normal"
0.948,7.62715108817338,"LogNormal",62,"RSA-CP Beta"
0.9565,6.67637944846365,"Student-t",62,"SCP"
0.937,5.84061505739592,"Student-t",62,"RSA-CP Gamma"
0.935,5.79721269811312,"Student-t",62,"RSA-CP Normal"
0.9405,5.92799561894943,"Student-t",62,"RSA-CP Beta"
0.981,11.6415306838075,"LogNormal",63,"SCP"
0.962,8.84515964751223,"LogNormal",63,"RSA-CP Gamma"
0.959,8.64655396980058,"LogNormal",63,"RSA-CP Normal"
0.957,8.40602713659328,"LogNormal",63,"RSA-CP Beta"
0.9745,8.0698880404468,"Student-t",63,"SCP"
0.9615,6.86992003462785,"Student-t",63,"RSA-CP Gamma"
0.9635,7.09265963050728,"Student-t",63,"RSA-CP Normal"
0.962,6.98689812213659,"Student-t",63,"RSA-CP Beta"
0.953,8.01760687159156,"LogNormal",64,"SCP"
0.9515,7.89520458428724,"LogNormal",64,"RSA-CP Gamma"
0.9515,7.93143152791659,"LogNormal",64,"RSA-CP Normal"
0.9515,7.92426105932759,"LogNormal",64,"RSA-CP Beta"
0.9665,7.29534875512699,"Student-t",64,"SCP"
0.9605,6.77849415457663,"Student-t",64,"RSA-CP Gamma"
0.9615,6.84180650548567,"Student-t",64,"RSA-CP Normal"
0.9615,6.85023590625662,"Student-t",64,"RSA-CP Beta"
0.9625,8.85326198769971,"LogNormal",65,"SCP"
0.9615,8.80128629920777,"LogNormal",65,"RSA-CP Gamma"
0.9615,8.819937109819,"LogNormal",65,"RSA-CP Normal"
0.9615,8.80370445554775,"LogNormal",65,"RSA-CP Beta"
0.967,7.42532532177951,"Student-t",65,"SCP"
0.9565,6.63592507452205,"Student-t",65,"RSA-CP Gamma"
0.954,6.50177914060307,"Student-t",65,"RSA-CP Normal"
0.9565,6.67779879051967,"Student-t",65,"RSA-CP Beta"
0.9495,7.76469099168034,"LogNormal",66,"SCP"
0.9475,7.60886345521787,"LogNormal",66,"RSA-CP Gamma"
0.9475,7.60837070810712,"LogNormal",66,"RSA-CP Normal"
0.948,7.63819797923729,"LogNormal",66,"RSA-CP Beta"
0.953,6.48119575376218,"Student-t",66,"SCP"
0.927,5.53165368609766,"Student-t",66,"RSA-CP Gamma"
0.9305,5.6716464546108,"Student-t",66,"RSA-CP Normal"
0.9275,5.57273138557633,"Student-t",66,"RSA-CP Beta"
0.956,8.26121075078852,"LogNormal",67,"SCP"
0.953,8.01854831546262,"LogNormal",67,"RSA-CP Gamma"
0.953,7.99300135848264,"LogNormal",67,"RSA-CP Normal"
0.953,8.04654550257104,"LogNormal",67,"RSA-CP Beta"
0.9795,8.41430545729687,"Student-t",67,"SCP"
0.97,7.67811707529158,"Student-t",67,"RSA-CP Gamma"
0.97,7.65481971956967,"Student-t",67,"RSA-CP Normal"
0.9705,7.73563979724747,"Student-t",67,"RSA-CP Beta"
0.9515,7.9043816726818,"LogNormal",68,"SCP"
0.942,7.3595090410914,"LogNormal",68,"RSA-CP Gamma"
0.9435,7.40458864821981,"LogNormal",68,"RSA-CP Normal"
0.9405,7.33430673109935,"LogNormal",68,"RSA-CP Beta"
0.994,11.9015446353872,"Student-t",68,"SCP"
0.9865,10.0401573662867,"Student-t",68,"RSA-CP Gamma"
0.9855,9.73643091747678,"Student-t",68,"RSA-CP Normal"
0.986,9.89664758566055,"Student-t",68,"RSA-CP Beta"
0.9495,7.75417852960099,"LogNormal",69,"SCP"
0.942,7.37933939041198,"LogNormal",69,"RSA-CP Gamma"
0.942,7.36138273834321,"LogNormal",69,"RSA-CP Normal"
0.9435,7.40693188336641,"LogNormal",69,"RSA-CP Beta"
0.9625,7.05146145146369,"Student-t",69,"SCP"
0.9545,6.52431163444923,"Student-t",69,"RSA-CP Gamma"
0.9555,6.55720385649789,"Student-t",69,"RSA-CP Normal"
0.953,6.47225508061339,"Student-t",69,"RSA-CP Beta"
0.9675,9.35113692399605,"LogNormal",70,"SCP"
0.9545,8.16122261081226,"LogNormal",70,"RSA-CP Gamma"
0.9545,8.16258630066471,"LogNormal",70,"RSA-CP Normal"
0.9565,8.3197906371526,"LogNormal",70,"RSA-CP Beta"
0.9365,5.82359776932824,"Student-t",70,"SCP"
0.935,5.79515010061701,"Student-t",70,"RSA-CP Gamma"
0.935,5.80008868818082,"Student-t",70,"RSA-CP Normal"
0.935,5.79859700106388,"Student-t",70,"RSA-CP Beta"
0.9655,8.96842932502892,"LogNormal",71,"SCP"
0.965,8.93773871473865,"LogNormal",71,"RSA-CP Gamma"
0.9635,8.92306737646415,"LogNormal",71,"RSA-CP Normal"
0.9645,8.93098791523551,"LogNormal",71,"RSA-CP Beta"
0.8775,4.30640915670049,"Student-t",71,"SCP"
0.873,4.22845040681182,"Student-t",71,"RSA-CP Gamma"
0.872,4.21801960398296,"Student-t",71,"RSA-CP Normal"
0.873,4.23185614517787,"Student-t",71,"RSA-CP Beta"
0.902,6.41506565990528,"LogNormal",72,"SCP"
0.9015,6.39969174939856,"LogNormal",72,"RSA-CP Gamma"
0.901,6.39937092100876,"LogNormal",72,"RSA-CP Normal"
0.9015,6.40093112252187,"LogNormal",72,"RSA-CP Beta"
0.993,11.6892956088536,"Student-t",72,"SCP"
0.9825,8.83910390076585,"Student-t",72,"RSA-CP Gamma"
0.984,9.23776671140522,"Student-t",72,"RSA-CP Normal"
0.9835,9.14657363886075,"Student-t",72,"RSA-CP Beta"
0.979,10.5121537086819,"LogNormal",73,"SCP"
0.9665,8.99823395599579,"LogNormal",73,"RSA-CP Gamma"
0.9665,9.04945483586419,"LogNormal",73,"RSA-CP Normal"
0.9665,9.1556690945011,"LogNormal",73,"RSA-CP Beta"
0.9465,6.17104513563695,"Student-t",73,"SCP"
0.932,5.71007195858958,"Student-t",73,"RSA-CP Gamma"
0.9305,5.68137225911246,"Student-t",73,"RSA-CP Normal"
0.9325,5.71502205537811,"Student-t",73,"RSA-CP Beta"
0.9335,7.18896808818898,"LogNormal",74,"SCP"
0.928,7.0186782129481,"LogNormal",74,"RSA-CP Gamma"
0.928,7.04273893853638,"LogNormal",74,"RSA-CP Normal"
0.928,7.05912705113116,"LogNormal",74,"RSA-CP Beta"
0.8515,3.92730776915768,"Student-t",74,"SCP"
0.847,3.82132042103063,"Student-t",74,"RSA-CP Gamma"
0.848,3.82944916082942,"Student-t",74,"RSA-CP Normal"
0.848,3.82966384698402,"Student-t",74,"RSA-CP Beta"
0.953,8.02219854643721,"LogNormal",75,"SCP"
0.9345,7.217827927239,"LogNormal",75,"RSA-CP Gamma"
0.9365,7.26023654268598,"LogNormal",75,"RSA-CP Normal"
0.939,7.309553153648,"LogNormal",75,"RSA-CP Beta"
0.97,7.66286604387837,"Student-t",75,"SCP"
0.911,4.96451260500056,"Student-t",75,"RSA-CP Gamma"
0.926,5.46156691447915,"Student-t",75,"RSA-CP Normal"
0.9145,5.11023804863546,"Student-t",75,"RSA-CP Beta"
0.9575,8.49619158209627,"LogNormal",76,"SCP"
0.955,8.23322109703921,"LogNormal",76,"RSA-CP Gamma"
0.955,8.22136128854108,"LogNormal",76,"RSA-CP Normal"
0.955,8.24810248215725,"LogNormal",76,"RSA-CP Beta"
0.9835,9.10516305003584,"Student-t",76,"SCP"
0.9745,8.08231721450021,"Student-t",76,"RSA-CP Gamma"
0.976,8.22156364616449,"Student-t",76,"RSA-CP Normal"
0.9745,8.08753065743135,"Student-t",76,"RSA-CP Beta"
0.959,8.62164072600991,"LogNormal",77,"SCP"
0.9565,8.3105042404938,"LogNormal",77,"RSA-CP Gamma"
0.9565,8.33535988743591,"LogNormal",77,"RSA-CP Normal"
0.9565,8.33863674603516,"LogNormal",77,"RSA-CP Beta"
0.9815,8.65371931364398,"Student-t",77,"SCP"
0.9775,8.37560050624925,"Student-t",77,"RSA-CP Gamma"
0.9775,8.3440465918304,"Student-t",77,"RSA-CP Normal"
0.9785,8.38977588376683,"Student-t",77,"RSA-CP Beta"
0.9215,6.8954514537838,"LogNormal",78,"SCP"
0.918,6.84987497101001,"LogNormal",78,"RSA-CP Gamma"
0.9185,6.86566535132406,"LogNormal",78,"RSA-CP Normal"
0.9185,6.86565940954644,"LogNormal",78,"RSA-CP Beta"
0.9865,10.1076458737194,"Student-t",78,"SCP"
0.97,7.7069696668596,"Student-t",78,"RSA-CP Gamma"
0.97,7.68010854150533,"Student-t",78,"RSA-CP Normal"
0.9735,7.99451385473193,"Student-t",78,"RSA-CP Beta"
0.946,7.50159713326104,"LogNormal",79,"SCP"
0.9375,7.28505750101742,"LogNormal",79,"RSA-CP Gamma"
0.9365,7.26253220424967,"LogNormal",79,"RSA-CP Normal"
0.937,7.26702677513963,"LogNormal",79,"RSA-CP Beta"
0.927,5.53943305134625,"Student-t",79,"SCP"
0.9075,4.91180764371414,"Student-t",79,"RSA-CP Gamma"
0.912,5.01414544607254,"Student-t",79,"RSA-CP Normal"
0.912,4.99321598034388,"Student-t",79,"RSA-CP Beta"
0.928,7.04534569745939,"LogNormal",80,"SCP"
0.918,6.84798995974889,"LogNormal",80,"RSA-CP Gamma"
0.9185,6.86615441288672,"LogNormal",80,"RSA-CP Normal"
0.9195,6.87253499831577,"LogNormal",80,"RSA-CP Beta"
0.938,5.85672341502612,"Student-t",80,"SCP"
0.9315,5.70080282345022,"Student-t",80,"RSA-CP Gamma"
0.933,5.71746572328901,"Student-t",80,"RSA-CP Normal"
0.932,5.70979407726809,"Student-t",80,"RSA-CP Beta"
0.946,7.46348208597856,"LogNormal",81,"SCP"
0.942,7.36419802051822,"LogNormal",81,"RSA-CP Gamma"
0.942,7.36983706413509,"LogNormal",81,"RSA-CP Normal"
0.9425,7.38772123008868,"LogNormal",81,"RSA-CP Beta"
0.9545,6.52744754805585,"Student-t",81,"SCP"
0.946,6.14540843452497,"Student-t",81,"RSA-CP Gamma"
0.9465,6.18127918395871,"Student-t",81,"RSA-CP Normal"
0.946,6.15828759080371,"Student-t",81,"RSA-CP Beta"
0.9665,9.1254994971249,"LogNormal",82,"SCP"
0.9535,8.07662478738776,"LogNormal",82,"RSA-CP Gamma"
0.9535,8.07958875195626,"LogNormal",82,"RSA-CP Normal"
0.953,8.03838310795961,"LogNormal",82,"RSA-CP Beta"
0.8245,3.56293585639343,"Student-t",82,"SCP"
0.806,3.36587869176577,"Student-t",82,"RSA-CP Gamma"
0.8045,3.33056053874191,"Student-t",82,"RSA-CP Normal"
0.8045,3.32575523287889,"Student-t",82,"RSA-CP Beta"
0.953,7.98817545873825,"LogNormal",83,"SCP"
0.939,7.31833324303563,"LogNormal",83,"RSA-CP Gamma"
0.9435,7.40010192389812,"LogNormal",83,"RSA-CP Normal"
0.946,7.47639163445377,"LogNormal",83,"RSA-CP Beta"
0.945,6.02832846611106,"Student-t",83,"SCP"
0.912,5.02582852647389,"Student-t",83,"RSA-CP Gamma"
0.9065,4.90026475524942,"Student-t",83,"RSA-CP Normal"
0.916,5.1608933735226,"Student-t",83,"RSA-CP Beta"
0.946,7.51918255991841,"LogNormal",84,"SCP"
0.944,7.41691946926994,"LogNormal",84,"RSA-CP Gamma"
0.9435,7.40341411967221,"LogNormal",84,"RSA-CP Normal"
0.9435,7.4118404400846,"LogNormal",84,"RSA-CP Beta"
0.923,5.34112564502696,"Student-t",84,"SCP"
0.9065,4.88861336343745,"Student-t",84,"RSA-CP Gamma"
0.909,4.93211105735422,"Student-t",84,"RSA-CP Normal"
0.906,4.85827705948963,"Student-t",84,"RSA-CP Beta"
0.9665,9.16213110121623,"LogNormal",85,"SCP"
0.953,7.95317300109399,"LogNormal",85,"RSA-CP Gamma"
0.953,8.01661009474096,"LogNormal",85,"RSA-CP Normal"
0.953,7.95093215629733,"LogNormal",85,"RSA-CP Beta"
0.9885,10.5557166356425,"Student-t",85,"SCP"
0.9855,9.83420191209584,"Student-t",85,"RSA-CP Gamma"
0.9855,9.67391294792348,"Student-t",85,"RSA-CP Normal"
0.9855,9.67831431395268,"Student-t",85,"RSA-CP Beta"
0.9195,6.87125724938872,"LogNormal",86,"SCP"
0.9115,6.58971806743135,"LogNormal",86,"RSA-CP Gamma"
0.912,6.59531131898711,"LogNormal",86,"RSA-CP Normal"
0.911,6.5800027208191,"LogNormal",86,"RSA-CP Beta"
0.912,5.02435801935814,"Student-t",86,"SCP"
0.9085,4.91841286775842,"Student-t",86,"RSA-CP Gamma"
0.9075,4.91403160500091,"Student-t",86,"RSA-CP Normal"
0.9075,4.91242698039652,"Student-t",86,"RSA-CP Beta"
0.981,11.6308031871423,"LogNormal",87,"SCP"
0.981,11.5541671206329,"LogNormal",87,"RSA-CP Gamma"
0.981,11.530699466739,"LogNormal",87,"RSA-CP Normal"
0.981,11.5420269928067,"LogNormal",87,"RSA-CP Beta"
0.984,9.30094706221812,"Student-t",87,"SCP"
0.9745,8.18196704278857,"Student-t",87,"RSA-CP Gamma"
0.976,8.2038228812754,"Student-t",87,"RSA-CP Normal"
0.9745,8.1923186246773,"Student-t",87,"RSA-CP Beta"
0.988,13.5644284923601,"LogNormal",88,"SCP"
0.9795,11.0752041420226,"LogNormal",88,"RSA-CP Gamma"
0.98,11.1420674687727,"LogNormal",88,"RSA-CP Normal"
0.979,10.6124286269886,"LogNormal",88,"RSA-CP Beta"
0.964,7.09908293227837,"Student-t",88,"SCP"
0.95,6.31262376655375,"Student-t",88,"RSA-CP Gamma"
0.952,6.38185100644885,"Student-t",88,"RSA-CP Normal"
0.9495,6.29473692599569,"Student-t",88,"RSA-CP Beta"
0.9765,10.3431135331207,"LogNormal",89,"SCP"
0.9665,9.06441308501398,"LogNormal",89,"RSA-CP Gamma"
0.9665,9.21521129929611,"LogNormal",89,"RSA-CP Normal"
0.9665,9.23197856036849,"LogNormal",89,"RSA-CP Beta"
0.984,9.33830911134791,"Student-t",89,"SCP"
0.9815,8.67116674210967,"Student-t",89,"RSA-CP Gamma"
0.982,8.7235110782152,"Student-t",89,"RSA-CP Normal"
0.9825,8.79674868285822,"Student-t",89,"RSA-CP Beta"
0.9755,10.2828588852026,"LogNormal",90,"SCP"
0.975,10.2467763442786,"LogNormal",90,"RSA-CP Gamma"
0.975,10.2348769760908,"LogNormal",90,"RSA-CP Normal"
0.975,10.2673490207523,"LogNormal",90,"RSA-CP Beta"
0.934,5.72775117684137,"Student-t",90,"SCP"
0.906,4.84598520790714,"Student-t",90,"RSA-CP Gamma"
0.9065,4.8843301867046,"Student-t",90,"RSA-CP Normal"
0.909,4.93256261466292,"Student-t",90,"RSA-CP Beta"
0.9665,9.08129966838933,"LogNormal",91,"SCP"
0.9625,8.86037217052447,"LogNormal",91,"RSA-CP Gamma"
0.962,8.8452260301649,"LogNormal",91,"RSA-CP Normal"
0.9625,8.8507185921252,"LogNormal",91,"RSA-CP Beta"
0.9635,7.09267768534405,"Student-t",91,"SCP"
0.9575,6.69616031288511,"Student-t",91,"RSA-CP Gamma"
0.9565,6.67708027457819,"Student-t",91,"RSA-CP Normal"
0.9565,6.66756582530056,"Student-t",91,"RSA-CP Beta"
0.855,5.47055764879065,"LogNormal",92,"SCP"
0.851,5.4068399760508,"LogNormal",92,"RSA-CP Gamma"
0.852,5.42430810940118,"LogNormal",92,"RSA-CP Normal"
0.851,5.41390201602929,"LogNormal",92,"RSA-CP Beta"
0.9825,8.85141445724649,"Student-t",92,"SCP"
0.9805,8.61384270623021,"Student-t",92,"RSA-CP Gamma"
0.981,8.62258198096824,"Student-t",92,"RSA-CP Normal"
0.9805,8.61602662023047,"Student-t",92,"RSA-CP Beta"
0.9505,7.77334160198506,"LogNormal",93,"SCP"
0.9485,7.67800647597708,"LogNormal",93,"RSA-CP Gamma"
0.9485,7.6883914266252,"LogNormal",93,"RSA-CP Normal"
0.9485,7.68088334221562,"LogNormal",93,"RSA-CP Beta"
0.953,6.4628905537438,"Student-t",93,"SCP"
0.951,6.32789848450483,"Student-t",93,"RSA-CP Gamma"
0.951,6.345048091223,"Student-t",93,"RSA-CP Normal"
0.951,6.32428350257935,"Student-t",93,"RSA-CP Beta"
0.8995,6.38093220449422,"LogNormal",94,"SCP"
0.8945,6.2389837530638,"LogNormal",94,"RSA-CP Gamma"
0.8955,6.26163270817939,"LogNormal",94,"RSA-CP Normal"
0.8945,6.24650566895399,"LogNormal",94,"RSA-CP Beta"
0.966,7.24324389612268,"Student-t",94,"SCP"
0.9385,5.86909791708871,"Student-t",94,"RSA-CP Gamma"
0.943,5.9815926647215,"Student-t",94,"RSA-CP Normal"
0.946,6.08749703264115,"Student-t",94,"RSA-CP Beta"
0.981,11.410998383729,"LogNormal",95,"SCP"
0.979,10.8423639483511,"LogNormal",95,"RSA-CP Gamma"
0.979,10.9283895828867,"LogNormal",95,"RSA-CP Normal"
0.979,10.9283317578011,"LogNormal",95,"RSA-CP Beta"
0.9825,8.75986188189838,"Student-t",95,"SCP"
0.9625,7.05554986618191,"Student-t",95,"RSA-CP Gamma"
0.962,6.94027410361819,"Student-t",95,"RSA-CP Normal"
0.962,6.95287248963596,"Student-t",95,"RSA-CP Beta"
0.984,12.442221057015,"LogNormal",96,"SCP"
0.984,12.3074921342359,"LogNormal",96,"RSA-CP Gamma"
0.984,12.2872958601214,"LogNormal",96,"RSA-CP Normal"
0.984,12.2843263621979,"LogNormal",96,"RSA-CP Beta"
0.987,10.3559774938943,"Student-t",96,"SCP"
0.965,7.18219488576482,"Student-t",96,"RSA-CP Gamma"
0.97,7.69959673351788,"Student-t",96,"RSA-CP Normal"
0.9665,7.38537365728166,"Student-t",96,"RSA-CP Beta"
0.9665,9.23404368805866,"LogNormal",97,"SCP"
0.9615,8.78516609597635,"LogNormal",97,"RSA-CP Gamma"
0.9615,8.80847943616684,"LogNormal",97,"RSA-CP Normal"
0.963,8.8714246305244,"LogNormal",97,"RSA-CP Beta"
0.9555,6.5570357128688,"Student-t",97,"SCP"
0.9485,6.2194864306174,"Student-t",97,"RSA-CP Gamma"
0.9495,6.27348067824822,"Student-t",97,"RSA-CP Normal"
0.9495,6.28731392112018,"Student-t",97,"RSA-CP Beta"
0.9665,9.17821607822755,"LogNormal",98,"SCP"
0.957,8.34623048196548,"LogNormal",98,"RSA-CP Gamma"
0.9585,8.51746402521494,"LogNormal",98,"RSA-CP Normal"
0.957,8.42343722315191,"LogNormal",98,"RSA-CP Beta"
0.965,7.14638145657071,"Student-t",98,"SCP"
0.9645,7.10342648092604,"Student-t",98,"RSA-CP Gamma"
0.965,7.11212961744595,"Student-t",98,"RSA-CP Normal"
0.965,7.1117688320983,"Student-t",98,"RSA-CP Beta"
0.9605,8.76587862274836,"LogNormal",99,"SCP"
0.953,7.97370520398005,"LogNormal",99,"RSA-CP Gamma"
0.953,8.04849681786989,"LogNormal",99,"RSA-CP Normal"
0.9485,7.73399113751239,"LogNormal",99,"RSA-CP Beta"
0.9775,8.26549552739904,"Student-t",99,"SCP"
0.9555,6.55096897284316,"Student-t",99,"RSA-CP Gamma"
0.961,6.81162553308861,"Student-t",99,"RSA-CP Normal"
0.9565,6.6160085061671,"Student-t",99,"RSA-CP Beta"
0.9475,7.61314445020488,"LogNormal",100,"SCP"
0.928,7.0501482396365,"LogNormal",100,"RSA-CP Gamma"
0.928,7.03585950408831,"LogNormal",100,"RSA-CP Normal"
0.923,6.92858318665764,"LogNormal",100,"RSA-CP Beta"
0.8065,3.37434448301709,"Student-t",100,"SCP"
0.7875,3.20556946790654,"Student-t",100,"RSA-CP Gamma"
0.7875,3.20234265276538,"Student-t",100,"RSA-CP Normal"
0.791,3.22683063588045,"Student-t",100,"RSA-CP Beta"
