figure,dataset,Method,alpha,target_coverage,n_cal,n_ref,n_test,run_id,run_seed,Coverage,Length,metric_name,method_core,qhat
Figure 4,ImageNet,SCP,0.05,0.95,15,1000,15000,0,2492284,1.0,30.0,prediction_set_size,standard_real,1.0
Figure 4,ImageNet,Synthetic-only,0.05,0.95,15,1000,15000,0,2492284,0.8931333333333333,2.312666666666667,prediction_set_size,standard_reference,0.9924873791077301
Figure 4,ImageNet,SPI,0.05,0.95,15,1000,15000,0,2492284,0.8948,2.341066666666667,prediction_set_size,spi_fast_form,0.99281550059823
Figure 4,ImageNet,RSA-CP (OT) (Ours),0.05,0.95,15,1000,15000,0,2492284,0.8618666666666667,1.8328,prediction_set_size,rsa_cp_barycentric_ot_betabin,
Figure 4,ImageNet,SCP,0.05,0.95,15,1000,15000,1,6438288,1.0,30.0,prediction_set_size,standard_real,1.0
Figure 4,ImageNet,Synthetic-only,0.05,0.95,15,1000,15000,1,6438288,0.9019333333333334,2.707533333333333,prediction_set_size,standard_reference,0.995801843568487
Figure 4,ImageNet,SPI,0.05,0.95,15,1000,15000,1,6438288,0.986,13.709133333333334,prediction_set_size,spi_fast_form,0.9999970513802754
Figure 4,ImageNet,RSA-CP (OT) (Ours),0.05,0.95,15,1000,15000,1,6438288,0.9241333333333334,4.053,prediction_set_size,rsa_cp_barycentric_ot_betabin,
Figure 4,ImageNet,SCP,0.05,0.95,15,1000,15000,2,275592,1.0,30.0,prediction_set_size,standard_real,1.0
Figure 4,ImageNet,Synthetic-only,0.05,0.95,15,1000,15000,2,275592,0.8982,2.5997333333333335,prediction_set_size,standard_reference,0.9950572056554131
Figure 4,ImageNet,SPI,0.05,0.95,15,1000,15000,2,275592,0.9602666666666667,7.51,prediction_set_size,spi_fast_form,0.9999192877007196
Figure 4,ImageNet,RSA-CP (OT) (Ours),0.05,0.95,15,1000,15000,2,275592,0.9586666666666667,7.3742,prediction_set_size,rsa_cp_barycentric_ot_betabin,
Figure 4,ImageNet,SCP,0.05,0.95,15,1000,15000,3,2731692,1.0,30.0,prediction_set_size,standard_real,1.0
Figure 4,ImageNet,Synthetic-only,0.05,0.95,15,1000,15000,3,2731692,0.8823333333333333,2.157,prediction_set_size,standard_reference,0.9900222946134286
Figure 4,ImageNet,SPI,0.05,0.95,15,1000,15000,3,2731692,0.9824666666666667,12.914666666666667,prediction_set_size,spi_fast_form,0.9999953978828906
Figure 4,ImageNet,RSA-CP (OT) (Ours),0.05,0.95,15,1000,15000,3,2731692,0.9823333333333333,12.8358,prediction_set_size,rsa_cp_barycentric_ot_betabin,
Figure 4,ImageNet,SCP,0.05,0.95,15,1000,15000,4,1441594,1.0,30.0,prediction_set_size,standard_real,1.0
Figure 4,ImageNet,Synthetic-only,0.05,0.95,15,1000,15000,4,1441594,0.905,2.6729333333333334,prediction_set_size,standard_reference,0.9955939261945743
Figure 4,ImageNet,SPI,0.05,0.95,15,1000,15000,4,1441594,0.971,9.4554,prediction_set_size,spi_fast_form,0.9999727407147511
Figure 4,ImageNet,RSA-CP (OT) (Ours),0.05,0.95,15,1000,15000,4,1441594,0.9531333333333334,6.5868,prediction_set_size,rsa_cp_barycentric_ot_betabin,
Figure 4,ImageNet,SCP,0.05,0.95,15,1000,15000,5,7551662,1.0,30.0,prediction_set_size,standard_real,1.0
Figure 4,ImageNet,Synthetic-only,0.05,0.95,15,1000,15000,5,7551662,0.9066666666666666,2.777066666666667,prediction_set_size,standard_reference,0.9961445687129538
Figure 4,ImageNet,SPI,0.05,0.95,15,1000,15000,5,7551662,0.9729333333333333,10.284266666666667,prediction_set_size,spi_fast_form,0.9999824829915102
Figure 4,ImageNet,RSA-CP (OT) (Ours),0.05,0.95,15,1000,15000,5,7551662,0.8910666666666667,2.3118666666666665,prediction_set_size,rsa_cp_barycentric_ot_betabin,
Figure 4,ImageNet,SCP,0.05,0.95,15,1000,15000,6,4731878,1.0,30.0,prediction_set_size,standard_real,1.0
Figure 4,ImageNet,Synthetic-only,0.05,0.95,15,1000,15000,6,4731878,0.9064,2.8192666666666666,prediction_set_size,standard_reference,0.9962886457849359
Figure 4,ImageNet,SPI,0.05,0.95,15,1000,15000,6,4731878,0.9406666666666667,5.5022,prediction_set_size,spi_fast_form,0.999701744919819
Figure 4,ImageNet,RSA-CP (OT) (Ours),0.05,0.95,15,1000,15000,6,4731878,0.9251333333333334,4.087466666666667,prediction_set_size,rsa_cp_barycentric_ot_betabin,
Figure 4,ImageNet,SCP,0.05,0.95,15,1000,15000,7,9486483,1.0,30.0,prediction_set_size,standard_real,1.0
Figure 4,ImageNet,Synthetic-only,0.05,0.95,15,1000,15000,7,9486483,0.9118666666666667,2.9795333333333334,prediction_set_size,standard_reference,0.9970391196348027
Figure 4,ImageNet,SPI,0.05,0.95,15,1000,15000,7,9486483,0.9513333333333334,6.2956666666666665,prediction_set_size,spi_fast_form,0.9998288541844006
Figure 4,ImageNet,RSA-CP (OT) (Ours),0.05,0.95,15,1000,15000,7,9486483,0.9512,6.284666666666666,prediction_set_size,rsa_cp_barycentric_ot_betabin,
Figure 4,ImageNet,SCP,0.05,0.95,15,1000,15000,8,857393,1.0,30.0,prediction_set_size,standard_real,1.0
Figure 4,ImageNet,Synthetic-only,0.05,0.95,15,1000,15000,8,857393,0.8981333333333333,2.522466666666667,prediction_set_size,standard_reference,0.9944306018816217
Figure 4,ImageNet,SPI,0.05,0.95,15,1000,15000,8,857393,0.8985333333333333,2.5412,prediction_set_size,spi_fast_form,0.9945755197851596
Figure 4,ImageNet,RSA-CP (OT) (Ours),0.05,0.95,15,1000,15000,8,857393,0.8724666666666666,2.0322666666666667,prediction_set_size,rsa_cp_barycentric_ot_betabin,
Figure 4,ImageNet,SCP,0.05,0.95,15,1000,15000,9,4233261,1.0,30.0,prediction_set_size,standard_real,1.0
Figure 4,ImageNet,Synthetic-only,0.05,0.95,15,1000,15000,9,4233261,0.9058,2.856733333333333,prediction_set_size,standard_reference,0.9964347670742821
Figure 4,ImageNet,SPI,0.05,0.95,15,1000,15000,9,4233261,0.9676666666666667,8.8036,prediction_set_size,spi_fast_form,0.9999600558557984
Figure 4,ImageNet,RSA-CP (OT) (Ours),0.05,0.95,15,1000,15000,9,4233261,0.8958,2.526133333333333,prediction_set_size,rsa_cp_barycentric_ot_betabin,
Figure 4,ImageNet,SCP,0.05,0.95,15,1000,15000,10,9504621,1.0,30.0,prediction_set_size,standard_real,1.0
Figure 4,ImageNet,Synthetic-only,0.05,0.95,15,1000,15000,10,9504621,0.8959333333333334,2.4708666666666668,prediction_set_size,standard_reference,0.9938913581795339
Figure 4,ImageNet,SPI,0.05,0.95,15,1000,15000,10,9504621,0.9732,9.804666666666666,prediction_set_size,spi_fast_form,0.9999768621010648
Figure 4,ImageNet,RSA-CP (OT) (Ours),0.05,0.95,15,1000,15000,10,9504621,0.9484666666666667,6.121133333333334,prediction_set_size,rsa_cp_barycentric_ot_betabin,
Figure 4,ImageNet,SCP,0.05,0.95,15,1000,15000,11,5118207,1.0,30.0,prediction_set_size,standard_real,1.0
Figure 4,ImageNet,Synthetic-only,0.05,0.95,15,1000,15000,11,5118207,0.8896666666666667,2.2536,prediction_set_size,standard_reference,0.9916468444780572
Figure 4,ImageNet,SPI,0.05,0.95,15,1000,15000,11,5118207,0.9976,27.5088,prediction_set_size,spi_fast_form,0.9999992845033506
Figure 4,ImageNet,RSA-CP (OT) (Ours),0.05,0.95,15,1000,15000,11,5118207,0.9762,10.529733333333333,prediction_set_size,rsa_cp_barycentric_ot_betabin,
Figure 4,ImageNet,SCP,0.05,0.95,15,1000,15000,12,8690244,1.0,30.0,prediction_set_size,standard_real,1.0
Figure 4,ImageNet,Synthetic-only,0.05,0.95,15,1000,15000,12,8690244,0.9022,2.6717333333333335,prediction_set_size,standard_reference,0.9955138321975258
Figure 4,ImageNet,SPI,0.05,0.95,15,1000,15000,12,8690244,0.9812666666666666,12.326133333333333,prediction_set_size,spi_fast_form,0.9999936148103509
Figure 4,ImageNet,RSA-CP (OT) (Ours),0.05,0.95,15,1000,15000,12,8690244,0.9812666666666666,12.2876,prediction_set_size,rsa_cp_barycentric_ot_betabin,
Figure 4,ImageNet,SCP,0.05,0.95,15,1000,15000,13,8229426,1.0,30.0,prediction_set_size,standard_real,1.0
Figure 4,ImageNet,Synthetic-only,0.05,0.95,15,1000,15000,13,8229426,0.9128666666666667,2.9346,prediction_set_size,standard_reference,0.9967810718013758
Figure 4,ImageNet,SPI,0.05,0.95,15,1000,15000,13,8229426,0.9727333333333333,9.436066666666667,prediction_set_size,spi_fast_form,0.9999717881551338
Figure 4,ImageNet,RSA-CP (OT) (Ours),0.05,0.95,15,1000,15000,13,8229426,0.9388,5.262133333333334,prediction_set_size,rsa_cp_barycentric_ot_betabin,
Figure 4,ImageNet,SCP,0.05,0.95,15,1000,15000,14,348525,1.0,30.0,prediction_set_size,standard_real,1.0
Figure 4,ImageNet,Synthetic-only,0.05,0.95,15,1000,15000,14,348525,0.9087333333333333,2.9928,prediction_set_size,standard_reference,0.9969370431787703
Figure 4,ImageNet,SPI,0.05,0.95,15,1000,15000,14,348525,0.9658,8.4348,prediction_set_size,spi_fast_form,0.9999504601632341
Figure 4,ImageNet,RSA-CP (OT) (Ours),0.05,0.95,15,1000,15000,14,348525,0.9654666666666667,8.355466666666667,prediction_set_size,rsa_cp_barycentric_ot_betabin,
Figure 4,ImageNet,SCP,0.05,0.95,15,1000,15000,15,8277021,1.0,30.0,prediction_set_size,standard_real,1.0
Figure 4,ImageNet,Synthetic-only,0.05,0.95,15,1000,15000,15,8277021,0.9078,2.6661333333333332,prediction_set_size,standard_reference,0.9955165195538215
Figure 4,ImageNet,SPI,0.05,0.95,15,1000,15000,15,8277021,0.9528,6.427,prediction_set_size,spi_fast_form,0.9998411948053925
Figure 4,ImageNet,RSA-CP (OT) (Ours),0.05,0.95,15,1000,15000,15,8277021,0.8909333333333334,2.2226666666666666,prediction_set_size,rsa_cp_barycentric_ot_betabin,
Figure 4,ImageNet,SCP,0.05,0.95,15,1000,15000,16,3118312,1.0,30.0,prediction_set_size,standard_real,1.0
Figure 4,ImageNet,Synthetic-only,0.05,0.95,15,1000,15000,16,3118312,0.8901333333333333,2.2904666666666667,prediction_set_size,standard_reference,0.9919711953789698
Figure 4,ImageNet,SPI,0.05,0.95,15,1000,15000,16,3118312,0.9786,11.127533333333334,prediction_set_size,spi_fast_form,0.9999883097661856
Figure 4,ImageNet,RSA-CP (OT) (Ours),0.05,0.95,15,1000,15000,16,3118312,0.9724,9.673066666666667,prediction_set_size,rsa_cp_barycentric_ot_betabin,
Figure 4,ImageNet,SCP,0.05,0.95,15,1000,15000,17,4091990,1.0,30.0,prediction_set_size,standard_real,1.0
Figure 4,ImageNet,Synthetic-only,0.05,0.95,15,1000,15000,17,4091990,0.9114,2.8152,prediction_set_size,standard_reference,0.9965066985660128
Figure 4,ImageNet,SPI,0.05,0.95,15,1000,15000,17,4091990,0.9582666666666667,6.769933333333333,prediction_set_size,spi_fast_form,0.9998785362208537
Figure 4,ImageNet,RSA-CP (OT) (Ours),0.05,0.95,15,1000,15000,17,4091990,0.9266,3.9696,prediction_set_size,rsa_cp_barycentric_ot_betabin,
Figure 4,ImageNet,SCP,0.05,0.95,15,1000,15000,18,2569919,1.0,30.0,prediction_set_size,standard_real,1.0
Figure 4,ImageNet,Synthetic-only,0.05,0.95,15,1000,15000,18,2569919,0.8990666666666667,2.6727333333333334,prediction_set_size,standard_reference,0.9955417806816632
Figure 4,ImageNet,SPI,0.05,0.95,15,1000,15000,18,2569919,0.9856666666666667,13.998,prediction_set_size,spi_fast_form,0.9999973280780777
Figure 4,ImageNet,RSA-CP (OT) (Ours),0.05,0.95,15,1000,15000,18,2569919,0.9835333333333334,13.3018,prediction_set_size,rsa_cp_barycentric_ot_betabin,
Figure 4,ImageNet,SCP,0.05,0.95,15,1000,15000,19,5495936,1.0,30.0,prediction_set_size,standard_real,1.0
Figure 4,ImageNet,Synthetic-only,0.05,0.95,15,1000,15000,19,5495936,0.9026666666666666,2.686733333333333,prediction_set_size,standard_reference,0.9956371169273885
Figure 4,ImageNet,SPI,0.05,0.95,15,1000,15000,19,5495936,0.9952666666666666,26.0394,prediction_set_size,spi_fast_form,0.9999991035978442
Figure 4,ImageNet,RSA-CP (OT) (Ours),0.05,0.95,15,1000,15000,19,5495936,0.9256666666666666,4.251133333333334,prediction_set_size,rsa_cp_barycentric_ot_betabin,
Figure 4,ImageNet,SCP,0.1,0.9,15,1000,15000,0,2492284,0.8668,1.8848666666666667,prediction_set_size,standard_real,0.9839493528159264
Figure 4,ImageNet,Synthetic-only,0.1,0.9,15,1000,15000,0,2492284,0.8398,1.6126,prediction_set_size,standard_reference,0.97114514363627
Figure 4,ImageNet,SPI,0.1,0.9,15,1000,15000,0,2492284,0.8400666666666666,1.6136666666666666,prediction_set_size,spi_fast_form,0.9712634079742035
Figure 4,ImageNet,RSA-CP (OT) (Ours),0.1,0.9,15,1000,15000,0,2492284,0.8412666666666667,1.6242,prediction_set_size,rsa_cp_barycentric_ot_betabin,
Figure 4,ImageNet,SCP,0.1,0.9,15,1000,15000,1,6438288,0.986,13.709133333333334,prediction_set_size,standard_real,0.9999970513802754
Figure 4,ImageNet,Synthetic-only,0.1,0.9,15,1000,15000,1,6438288,0.8334,1.6102,prediction_set_size,standard_reference,0.9706945327832379
Figure 4,ImageNet,SPI,0.1,0.9,15,1000,15000,1,6438288,0.8338,1.6128666666666667,prediction_set_size,spi_fast_form,0.9708362860407368
Figure 4,ImageNet,RSA-CP (OT) (Ours),0.1,0.9,15,1000,15000,1,6438288,0.8760666666666667,2.0761333333333334,prediction_set_size,rsa_cp_barycentric_ot_betabin,
Figure 4,ImageNet,SCP,0.1,0.9,15,1000,15000,2,275592,0.9602666666666667,7.51,prediction_set_size,standard_real,0.9999192877007196
Figure 4,ImageNet,Synthetic-only,0.1,0.9,15,1000,15000,2,275592,0.8295333333333333,1.6064666666666667,prediction_set_size,standard_reference,0.9698724799072207
Figure 4,ImageNet,SPI,0.1,0.9,15,1000,15000,2,275592,0.9143333333333333,3.4122666666666666,prediction_set_size,spi_fast_form,0.9981883864524267
Figure 4,ImageNet,RSA-CP (OT) (Ours),0.1,0.9,15,1000,15000,2,275592,0.9502,6.4206666666666665,prediction_set_size,rsa_cp_barycentric_ot_betabin,
Figure 4,ImageNet,SCP,0.1,0.9,15,1000,15000,3,2731692,0.9824666666666667,12.914666666666667,prediction_set_size,standard_real,0.9999953978828906
Figure 4,ImageNet,Synthetic-only,0.1,0.9,15,1000,15000,3,2731692,0.8194,1.5062666666666666,prediction_set_size,standard_reference,0.9620848627632432
Figure 4,ImageNet,SPI,0.1,0.9,15,1000,15000,3,2731692,0.8912666666666667,2.3221333333333334,prediction_set_size,spi_fast_form,0.992505981958631
Figure 4,ImageNet,RSA-CP (OT) (Ours),0.1,0.9,15,1000,15000,3,2731692,0.9475333333333333,6.176666666666667,prediction_set_size,rsa_cp_barycentric_ot_betabin,
Figure 4,ImageNet,SCP,0.1,0.9,15,1000,15000,4,1441594,0.971,9.4554,prediction_set_size,standard_real,0.9999727407147511
Figure 4,ImageNet,Synthetic-only,0.1,0.9,15,1000,15000,4,1441594,0.8391333333333333,1.6387333333333334,prediction_set_size,standard_reference,0.9722114063279922
Figure 4,ImageNet,SPI,0.1,0.9,15,1000,15000,4,1441594,0.8726,1.9984,prediction_set_size,spi_fast_form,0.9867726979010255
Figure 4,ImageNet,RSA-CP (OT) (Ours),0.1,0.9,15,1000,15000,4,1441594,0.918,3.3428,prediction_set_size,rsa_cp_barycentric_ot_betabin,
Figure 4,ImageNet,SCP,0.1,0.9,15,1000,15000,5,7551662,0.9729333333333333,10.284266666666667,prediction_set_size,standard_real,0.9999824829915102
Figure 4,ImageNet,Synthetic-only,0.1,0.9,15,1000,15000,5,7551662,0.8473333333333334,1.7022,prediction_set_size,standard_reference,0.9762860488394388
Figure 4,ImageNet,SPI,0.1,0.9,15,1000,15000,5,7551662,0.8477333333333333,1.7054,prediction_set_size,spi_fast_form,0.9764771446422026
Figure 4,ImageNet,RSA-CP (OT) (Ours),0.1,0.9,15,1000,15000,5,7551662,0.7699333333333334,1.2559333333333333,prediction_set_size,rsa_cp_barycentric_ot_betabin,
Figure 4,ImageNet,SCP,0.1,0.9,15,1000,15000,6,4731878,0.9406666666666667,5.5022,prediction_set_size,standard_real,0.999701744919819
Figure 4,ImageNet,Synthetic-only,0.1,0.9,15,1000,15000,6,4731878,0.8566666666666667,1.8339333333333334,prediction_set_size,standard_reference,0.9816399734361968
Figure 4,ImageNet,SPI,0.1,0.9,15,1000,15000,6,4731878,0.8707333333333334,2.0096,prediction_set_size,spi_fast_form,0.9868515334193333
Figure 4,ImageNet,RSA-CP (OT) (Ours),0.1,0.9,15,1000,15000,6,4731878,0.8888,2.3296,prediction_set_size,rsa_cp_barycentric_ot_betabin,
Figure 4,ImageNet,SCP,0.1,0.9,15,1000,15000,7,9486483,0.9513333333333334,6.2956666666666665,prediction_set_size,standard_real,0.9998288541844006
Figure 4,ImageNet,Synthetic-only,0.1,0.9,15,1000,15000,7,9486483,0.8527333333333333,1.7412,prediction_set_size,standard_reference,0.9777412856035936
Figure 4,ImageNet,SPI,0.1,0.9,15,1000,15000,7,9486483,0.869,1.9133333333333333,prediction_set_size,spi_fast_form,0.984276434884459
Figure 4,ImageNet,RSA-CP (OT) (Ours),0.1,0.9,15,1000,15000,7,9486483,0.9494666666666667,6.1114,prediction_set_size,rsa_cp_barycentric_ot_betabin,
Figure 4,ImageNet,SCP,0.1,0.9,15,1000,15000,8,857393,0.8734,2.0472,prediction_set_size,standard_real,0.9876936511299216
Figure 4,ImageNet,Synthetic-only,0.1,0.9,15,1000,15000,8,857393,0.8363333333333334,1.6602666666666666,prediction_set_size,standard_reference,0.9734714832364928
Figure 4,ImageNet,SPI,0.1,0.9,15,1000,15000,8,857393,0.8364666666666667,1.6619333333333333,prediction_set_size,spi_fast_form,0.9735700849955434
Figure 4,ImageNet,RSA-CP (OT) (Ours),0.1,0.9,15,1000,15000,8,857393,0.8646,1.9310666666666667,prediction_set_size,rsa_cp_barycentric_ot_betabin,
Figure 4,ImageNet,SCP,0.1,0.9,15,1000,15000,9,4233261,0.9676666666666667,8.8036,prediction_set_size,standard_real,0.9999600558557984
Figure 4,ImageNet,Synthetic-only,0.1,0.9,15,1000,15000,9,4233261,0.8482666666666666,1.7508666666666666,prediction_set_size,standard_reference,0.9776815367955303
Figure 4,ImageNet,SPI,0.1,0.9,15,1000,15000,9,4233261,0.8494,1.7597333333333334,prediction_set_size,spi_fast_form,0.97807193492936
Figure 4,ImageNet,RSA-CP (OT) (Ours),0.1,0.9,15,1000,15000,9,4233261,0.7670666666666667,1.2612,prediction_set_size,rsa_cp_barycentric_ot_betabin,
Figure 4,ImageNet,SCP,0.1,0.9,15,1000,15000,10,9504621,0.9732,9.804666666666666,prediction_set_size,standard_real,0.9999768621010648
Figure 4,ImageNet,Synthetic-only,0.1,0.9,15,1000,15000,10,9504621,0.8378666666666666,1.6392,prediction_set_size,standard_reference,0.9719054569149241
Figure 4,ImageNet,SPI,0.1,0.9,15,1000,15000,10,9504621,0.8446,1.6962,prediction_set_size,spi_fast_form,0.9753211542643309
Figure 4,ImageNet,RSA-CP (OT) (Ours),0.1,0.9,15,1000,15000,10,9504621,0.9202,3.6806,prediction_set_size,rsa_cp_barycentric_ot_betabin,
Figure 4,ImageNet,SCP,0.1,0.9,15,1000,15000,11,5118207,0.9976,27.5088,prediction_set_size,standard_real,0.9999992845033506
Figure 4,ImageNet,Synthetic-only,0.1,0.9,15,1000,15000,11,5118207,0.8114666666666667,1.4454,prediction_set_size,standard_reference,0.9566365135078297
Figure 4,ImageNet,SPI,0.1,0.9,15,1000,15000,11,5118207,0.9048666666666667,2.6703333333333332,prediction_set_size,spi_fast_form,0.9955529128751031
Figure 4,ImageNet,RSA-CP (OT) (Ours),0.1,0.9,15,1000,15000,11,5118207,0.955,6.6382666666666665,prediction_set_size,rsa_cp_barycentric_ot_betabin,
Figure 4,ImageNet,SCP,0.1,0.9,15,1000,15000,12,8690244,0.9812666666666666,12.326133333333333,prediction_set_size,standard_real,0.9999936148103509
Figure 4,ImageNet,Synthetic-only,0.1,0.9,15,1000,15000,12,8690244,0.8382666666666667,1.6278,prediction_set_size,standard_reference,0.9722749893894835
Figure 4,ImageNet,SPI,0.1,0.9,15,1000,15000,12,8690244,0.8701333333333333,1.9570666666666667,prediction_set_size,spi_fast_form,0.9858357202440562
Figure 4,ImageNet,RSA-CP (OT) (Ours),0.1,0.9,15,1000,15000,12,8690244,0.9649333333333333,8.0622,prediction_set_size,rsa_cp_barycentric_ot_betabin,
Figure 4,ImageNet,SCP,0.1,0.9,15,1000,15000,13,8229426,0.9727333333333333,9.436066666666667,prediction_set_size,standard_real,0.9999717881551338
Figure 4,ImageNet,Synthetic-only,0.1,0.9,15,1000,15000,13,8229426,0.8382,1.6314666666666666,prediction_set_size,standard_reference,0.9717504341745898
Figure 4,ImageNet,SPI,0.1,0.9,15,1000,15000,13,8229426,0.8402666666666667,1.6473333333333333,prediction_set_size,spi_fast_form,0.9728497048331994
Figure 4,ImageNet,RSA-CP (OT) (Ours),0.1,0.9,15,1000,15000,13,8229426,0.8982,2.4389333333333334,prediction_set_size,rsa_cp_barycentric_ot_betabin,
Figure 4,ImageNet,SCP,0.1,0.9,15,1000,15000,14,348525,0.9658,8.4348,prediction_set_size,standard_real,0.9999504601632341
Figure 4,ImageNet,Synthetic-only,0.1,0.9,15,1000,15000,14,348525,0.8420666666666666,1.6652,prediction_set_size,standard_reference,0.9731621682612056
Figure 4,ImageNet,SPI,0.1,0.9,15,1000,15000,14,348525,0.9552,6.9388,prediction_set_size,spi_fast_form,0.9998816658285483
Figure 4,ImageNet,RSA-CP (OT) (Ours),0.1,0.9,15,1000,15000,14,348525,0.9586666666666667,7.337133333333333,prediction_set_size,rsa_cp_barycentric_ot_betabin,
Figure 4,ImageNet,SCP,0.1,0.9,15,1000,15000,15,8277021,0.9528,6.427,prediction_set_size,standard_real,0.9998411948053925
Figure 4,ImageNet,Synthetic-only,0.1,0.9,15,1000,15000,15,8277021,0.8575333333333334,1.7798,prediction_set_size,standard_reference,0.9799953031978773
Figure 4,ImageNet,SPI,0.1,0.9,15,1000,15000,15,8277021,0.8576666666666667,1.7809333333333333,prediction_set_size,spi_fast_form,0.980046932565794
Figure 4,ImageNet,RSA-CP (OT) (Ours),0.1,0.9,15,1000,15000,15,8277021,0.7739333333333334,1.2665333333333333,prediction_set_size,rsa_cp_barycentric_ot_betabin,
Figure 4,ImageNet,SCP,0.1,0.9,15,1000,15000,16,3118312,0.9786,11.127533333333334,prediction_set_size,standard_real,0.9999883097661856
Figure 4,ImageNet,Synthetic-only,0.1,0.9,15,1000,15000,16,3118312,0.8231333333333334,1.5230666666666666,prediction_set_size,standard_reference,0.9630547876240532
Figure 4,ImageNet,SPI,0.1,0.9,15,1000,15000,16,3118312,0.9031333333333333,2.664066666666667,prediction_set_size,spi_fast_form,0.995427957770995
Figure 4,ImageNet,RSA-CP (OT) (Ours),0.1,0.9,15,1000,15000,16,3118312,0.9533333333333334,6.559866666666666,prediction_set_size,rsa_cp_barycentric_ot_betabin,
Figure 4,ImageNet,SCP,0.1,0.9,15,1000,15000,17,4091990,0.9582666666666667,6.769933333333333,prediction_set_size,standard_real,0.9998785362208537
Figure 4,ImageNet,Synthetic-only,0.1,0.9,15,1000,15000,17,4091990,0.8219333333333333,1.4968666666666666,prediction_set_size,standard_reference,0.9624912508453626
Figure 4,ImageNet,SPI,0.1,0.9,15,1000,15000,17,4091990,0.8301333333333333,1.5434,prediction_set_size,spi_fast_form,0.9664494740592359
Figure 4,ImageNet,RSA-CP (OT) (Ours),0.1,0.9,15,1000,15000,17,4091990,0.8434,1.6392,prediction_set_size,rsa_cp_barycentric_ot_betabin,
Figure 4,ImageNet,SCP,0.1,0.9,15,1000,15000,18,2569919,0.9856666666666667,13.998,prediction_set_size,standard_real,0.9999973280780777
Figure 4,ImageNet,Synthetic-only,0.1,0.9,15,1000,15000,18,2569919,0.8412,1.6896666666666667,prediction_set_size,standard_reference,0.9753858321321208
Figure 4,ImageNet,SPI,0.1,0.9,15,1000,15000,18,2569919,0.9021333333333333,2.7682,prediction_set_size,spi_fast_form,0.9960610972140554
Figure 4,ImageNet,RSA-CP (OT) (Ours),0.1,0.9,15,1000,15000,18,2569919,0.9743333333333334,10.475066666666667,prediction_set_size,rsa_cp_barycentric_ot_betabin,
Figure 4,ImageNet,SCP,0.1,0.9,15,1000,15000,19,5495936,0.9952666666666666,26.0394,prediction_set_size,standard_real,0.9999991035978442
Figure 4,ImageNet,Synthetic-only,0.1,0.9,15,1000,15000,19,5495936,0.8366666666666667,1.6370666666666667,prediction_set_size,standard_reference,0.9724725361134173
Figure 4,ImageNet,SPI,0.1,0.9,15,1000,15000,19,5495936,0.8801333333333333,2.1200666666666668,prediction_set_size,spi_fast_form,0.9895300345586968
Figure 4,ImageNet,RSA-CP (OT) (Ours),0.1,0.9,15,1000,15000,19,5495936,0.8931333333333333,2.4110666666666667,prediction_set_size,rsa_cp_barycentric_ot_betabin,
