"Dataset","N_syn","Method","Mean_Cov","SD_Cov","Mean_Width","SD_Width","Total_Time","Mean_Time","Experiment","Noise","N_cal","Score_Distribution","Shock_Probability"
"LogNormal",50,"SCP",0.952795,0.0281004776371211,10.0684175638074,2.2030920170423,0.00999999999999801,9.99999999999801e-05,"Figure 3 reference score size",NA,NA,NA,NA
"LogNormal",50,"RSA-CP (OT) (Ours)",0.952605,0.0282407842302475,10.0565233339756,2.20243354520064,0.390000000000018,0.00390000000000018,"Figure 3 reference score size",NA,NA,NA,NA
"LogNormal",50,"SPI",0.991965,0.0180724209498866,21.8638509471493,5.25081360050319,0.38000000000001,0.0038000000000001,"Figure 3 reference score size",NA,NA,NA,NA
"LogNormal",50,"Synthetic-only",0.97575,0.0353623737148325,16.1359564005703,5.55181083481141,0.210000000000003,0.00210000000000003,"Figure 3 reference score size",NA,NA,NA,NA
"LogNormal",100,"SCP",0.952795,0.0281004776371211,10.0684175638074,2.2030920170423,0,0,"Figure 3 reference score size",NA,NA,NA,NA
"LogNormal",100,"RSA-CP (OT) (Ours)",0.94331,0.0330243849299272,9.35233222599291,1.91604944181564,0.429999999999999,0.00429999999999999,"Figure 3 reference score size",NA,NA,NA,NA
"LogNormal",100,"SPI",0.96511,0.0264361800599409,11.7574966676514,3.25626564168486,0.239999999999997,0.00239999999999997,"Figure 3 reference score size",NA,NA,NA,NA
"LogNormal",100,"Synthetic-only",0.961865,0.0364130939236274,12.951117724979,4.82115220598715,0.100000000000002,0.00100000000000002,"Figure 3 reference score size",NA,NA,NA,NA
"LogNormal",250,"SCP",0.952795,0.0281004776371211,10.0684175638074,2.2030920170423,0,0,"Figure 3 reference score size",NA,NA,NA,NA
"LogNormal",250,"RSA-CP (OT) (Ours)",0.943675,0.0319535154007293,9.35219708292697,1.87126767056297,0.339999999999996,0.00339999999999996,"Figure 3 reference score size",NA,NA,NA,NA
"LogNormal",250,"SPI",0.96589,0.0235128999624986,11.5524631088325,2.96127671390491,0.570000000000001,0.00570000000000001,"Figure 3 reference score size",NA,NA,NA,NA
"LogNormal",250,"Synthetic-only",0.9691,0.0273056955615676,12.7831825478666,3.92384745066448,0.169999999999998,0.00169999999999998,"Figure 3 reference score size",NA,NA,NA,NA
"LogNormal",500,"SCP",0.952795,0.0281004776371211,10.0684175638074,2.2030920170423,0,0,"Figure 3 reference score size",NA,NA,NA,NA
"LogNormal",500,"RSA-CP (OT) (Ours)",0.94141,0.0316414077889826,9.1603614551009,1.78687827108368,0.329999999999999,0.00329999999999999,"Figure 3 reference score size",NA,NA,NA,NA
"LogNormal",500,"SPI",0.963145,0.0228146124315983,11.0458202370483,2.60296182074859,1.03999999999999,0.0103999999999999,"Figure 3 reference score size",NA,NA,NA,NA
"LogNormal",500,"Synthetic-only",0.964665,0.0258124602868577,11.743964839726,3.35849425984816,0.109999999999998,0.00109999999999998,"Figure 3 reference score size",NA,NA,NA,NA
"LogNormal",1000,"SCP",0.952795,0.0281004776371211,10.0684175638074,2.2030920170423,0,0,"Figure 3 reference score size",NA,NA,NA,NA
"LogNormal",1000,"RSA-CP (OT) (Ours)",0.94095,0.0319994870539697,9.12134956064779,1.74054049758924,0.48,0.0048,"Figure 3 reference score size",NA,NA,NA,NA
"LogNormal",1000,"SPI",0.960045,0.0208855823597297,10.4396130494882,1.90816263472384,1.63999999999999,0.0163999999999999,"Figure 3 reference score size",NA,NA,NA,NA
"LogNormal",1000,"Synthetic-only",0.962905,0.0207899177924825,10.894347502399,2.52630385040187,0.129999999999998,0.00129999999999998,"Figure 3 reference score size",NA,NA,NA,NA
"LogNormal",2000,"SCP",0.952795,0.0281004776371211,10.0684175638074,2.2030920170423,0.0400000000000027,0.000400000000000027,"Figure 3 reference score size",NA,NA,NA,NA
"LogNormal",2000,"RSA-CP (OT) (Ours)",0.94039,0.0319735196623074,9.08698062141938,1.74059366694402,0.669999999999991,0.00669999999999991,"Figure 3 reference score size",NA,NA,NA,NA
"LogNormal",2000,"SPI",0.96109,0.0198203267767046,10.5206512960946,2.00374859093953,3.19000000000001,0.0319000000000001,"Figure 3 reference score size",NA,NA,NA,NA
"LogNormal",2000,"Synthetic-only",0.96401,0.0187153019011857,10.8784303544227,2.32968937329391,0.210000000000007,0.00210000000000007,"Figure 3 reference score size",NA,NA,NA,NA
"LogNormal",3000,"SCP",0.952795,0.0281004776371211,10.0684175638074,2.2030920170423,0.0300000000000047,0.000300000000000047,"Figure 3 reference score size",NA,NA,NA,NA
"LogNormal",3000,"RSA-CP (OT) (Ours)",0.940315,0.0319782640036458,9.08248127275882,1.72527119409148,0.750000000000009,0.00750000000000009,"Figure 3 reference score size",NA,NA,NA,NA
"LogNormal",3000,"SPI",0.959245,0.0184498357552023,10.2081569056561,1.78305708612674,4.85999999999999,0.0485999999999999,"Figure 3 reference score size",NA,NA,NA,NA
"LogNormal",3000,"Synthetic-only",0.963105,0.0157567197465627,10.5634818087928,1.97544537836271,0.249999999999996,0.00249999999999996,"Figure 3 reference score size",NA,NA,NA,NA
"Student-t",50,"SCP",0.95057,0.036660538055313,7.61869167592749,3.08479339525677,0.00999999999999801,9.99999999999801e-05,"Figure 3 reference score size",NA,NA,NA,NA
"Student-t",50,"RSA-CP (OT) (Ours)",0.950395,0.0367733499653862,7.60899028189118,3.08371140385855,0.359999999999997,0.00359999999999997,"Figure 3 reference score size",NA,NA,NA,NA
"Student-t",50,"SPI",0.9956,0.0100594194261855,17.8430328650196,5.50546628984333,0.140000000000001,0.00140000000000001,"Figure 3 reference score size",NA,NA,NA,NA
"Student-t",50,"Synthetic-only",0.98837,0.0203408605044282,13.2587518487192,4.03921999174415,0.0399999999999976,0.000399999999999976,"Figure 3 reference score size",NA,NA,NA,NA
"Student-t",100,"SCP",0.95057,0.036660538055313,7.61869167592749,3.08479339525677,0.0199999999999996,0.000199999999999996,"Figure 3 reference score size",NA,NA,NA,NA
"Student-t",100,"RSA-CP (OT) (Ours)",0.94157,0.040237114130307,6.88086125486742,2.31645261946144,0.250000000000006,0.00250000000000006,"Figure 3 reference score size",NA,NA,NA,NA
"Student-t",100,"SPI",0.975445,0.0246907023559129,9.67673297258317,3.14367482602909,0.259999999999989,0.00259999999999989,"Figure 3 reference score size",NA,NA,NA,NA
"Student-t",100,"Synthetic-only",0.989145,0.0138897707800825,12.1199202406118,3.03090825149172,0.0399999999999974,0.000399999999999974,"Figure 3 reference score size",NA,NA,NA,NA
"Student-t",250,"SCP",0.95057,0.036660538055313,7.61869167592749,3.08479339525677,0,0,"Figure 3 reference score size",NA,NA,NA,NA
"Student-t",250,"RSA-CP (OT) (Ours)",0.94233,0.0394747854569051,6.90057381212197,2.27517328637654,0.430000000000006,0.00430000000000006,"Figure 3 reference score size",NA,NA,NA,NA
"Student-t",250,"SPI",0.97523,0.0237809256388902,9.26972396282098,2.63311477103629,0.440000000000005,0.00440000000000005,"Figure 3 reference score size",NA,NA,NA,NA
"Student-t",250,"Synthetic-only",0.991055,0.00673783790217305,11.6990771578316,2.19257897182813,0.0699999999999985,0.000699999999999985,"Figure 3 reference score size",NA,NA,NA,NA
"Student-t",500,"SCP",0.95057,0.036660538055313,7.61869167592749,3.08479339525677,0,0,"Figure 3 reference score size",NA,NA,NA,NA
"Student-t",500,"RSA-CP (OT) (Ours)",0.93879,0.0411366397669174,6.69639855670929,2.13984867520176,0.349999999999999,0.00349999999999999,"Figure 3 reference score size",NA,NA,NA,NA
"Student-t",500,"SPI",0.976235,0.0241691696718415,9.42430512267729,2.55993954039598,0.859999999999991,0.00859999999999991,"Figure 3 reference score size",NA,NA,NA,NA
"Student-t",500,"Synthetic-only",0.993025,0.0030078810622843,11.8799962403008,1.46619116022117,0.0399999999999956,0.000399999999999956,"Figure 3 reference score size",NA,NA,NA,NA
"Student-t",1000,"SCP",0.95057,0.036660538055313,7.61869167592749,3.08479339525677,0,0,"Figure 3 reference score size",NA,NA,NA,NA
"Student-t",1000,"RSA-CP (OT) (Ours)",0.93857,0.0407184853660478,6.64107177937123,2.02983225624983,0.439999999999999,0.00439999999999999,"Figure 3 reference score size",NA,NA,NA,NA
"Student-t",1000,"SPI",0.97619,0.0241081087829574,9.34008587409918,2.39650385071329,1.68,0.0168,"Figure 3 reference score size",NA,NA,NA,NA
"Student-t",1000,"Synthetic-only",0.99283,0.00190058470535313,11.5589413124912,1.02776193371278,0.0599999999999996,0.000599999999999996,"Figure 3 reference score size",NA,NA,NA,NA
"Student-t",2000,"SCP",0.95057,0.036660538055313,7.61869167592749,3.08479339525677,0.0399999999999991,0.000399999999999991,"Figure 3 reference score size",NA,NA,NA,NA
"Student-t",2000,"RSA-CP (OT) (Ours)",0.938205,0.0407465122136332,6.59697771940591,1.96348540366493,0.570000000000003,0.00570000000000003,"Figure 3 reference score size",NA,NA,NA,NA
"Student-t",2000,"SPI",0.976215,0.0241145472461933,9.33154188848895,2.35673856557767,3.18000000000001,0.0318000000000001,"Figure 3 reference score size",NA,NA,NA,NA
"Student-t",2000,"Synthetic-only",0.99308,0.00167982683090198,11.6235501571971,0.811916038332188,0.160000000000002,0.00160000000000002,"Figure 3 reference score size",NA,NA,NA,NA
"Student-t",3000,"SCP",0.95057,0.036660538055313,7.61869167592749,3.08479339525677,0,0,"Figure 3 reference score size",NA,NA,NA,NA
"Student-t",3000,"RSA-CP (OT) (Ours)",0.938225,0.0406269910157016,6.60694006529103,1.98189202643305,0.650000000000002,0.00650000000000002,"Figure 3 reference score size",NA,NA,NA,NA
"Student-t",3000,"SPI",0.976255,0.0241324726742565,9.28966583678471,2.28214643798969,4.70999999999998,0.0470999999999998,"Figure 3 reference score size",NA,NA,NA,NA
"Student-t",3000,"Synthetic-only",0.993355,0.000888464229369255,11.6256908887256,0.578529009677417,0.199999999999993,0.00199999999999993,"Figure 3 reference score size",NA,NA,NA,NA
"LogNormal",NA,"SCP",0.949435,0.0283728472239915,9.40075243266967,2.55525955334405,0,0,"Figure 6 generator-noise stability",0.25,NA,NA,NA
"LogNormal",NA,"RSA-CP (OT) (Ours)",0.938645,0.0302413937168807,8.58889971963185,1.82027509758958,0.670000000000016,0.00670000000000016,"Figure 6 generator-noise stability",0.25,NA,NA,NA
"LogNormal",NA,"SPI",0.926545,0.033131746120754,7.94549785600057,1.46041697114038,4.87999999999995,0.0487999999999995,"Figure 6 generator-noise stability",0.25,NA,NA,NA
"LogNormal",NA,"Synthetic-only",0.727665,0.00174664902836341,4.28668292607831,0.0230992598684958,0.239999999999981,0.00239999999999981,"Figure 6 generator-noise stability",0.25,NA,NA,NA
"LogNormal",NA,"SCP",0.949435,0.0283728472239915,9.40075243266967,2.55525955334405,0,0,"Figure 6 generator-noise stability",0.5,NA,NA,NA
"LogNormal",NA,"RSA-CP (OT) (Ours)",0.938945,0.0301303477168013,8.58963256699118,1.7690273589057,0.539999999999985,0.00539999999999985,"Figure 6 generator-noise stability",0.5,NA,NA,NA
"LogNormal",NA,"SPI",0.926545,0.033131746120754,7.94549785600057,1.46041697114038,4.83000000000007,0.0483000000000007,"Figure 6 generator-noise stability",0.5,NA,NA,NA
"LogNormal",NA,"Synthetic-only",0.805885,0.00318047626825438,5.04298013466154,0.0390467301161644,0.279999999999966,0.00279999999999966,"Figure 6 generator-noise stability",0.5,NA,NA,NA
"LogNormal",NA,"SCP",0.949435,0.0283728472239915,9.40075243266967,2.55525955334405,0,0,"Figure 6 generator-noise stability",1,NA,NA,NA
"LogNormal",NA,"RSA-CP (OT) (Ours)",0.938165,0.0303657880822907,8.56247609744325,1.79627314630005,0.549999999999969,0.00549999999999969,"Figure 6 generator-noise stability",1,NA,NA,NA
"LogNormal",NA,"SPI",0.930975,0.0263542662293005,8.03400743755529,1.35693713984801,4.98999999999991,0.0498999999999991,"Figure 6 generator-noise stability",1,NA,NA,NA
"LogNormal",NA,"Synthetic-only",0.899905,0.00235025788398042,6.6390763108859,0.0790363156492644,0.329999999999998,0.00329999999999998,"Figure 6 generator-noise stability",1,NA,NA,NA
"LogNormal",NA,"SCP",0.949435,0.0283728472239915,9.40075243266967,2.55525955334405,0,0,"Figure 6 generator-noise stability",1.5,NA,NA,NA
"LogNormal",NA,"RSA-CP (OT) (Ours)",0.93864,0.0301373187227726,8.57947009039052,1.77709608071706,0.560000000000038,0.00560000000000038,"Figure 6 generator-noise stability",1.5,NA,NA,NA
"LogNormal",NA,"SPI",0.94695,0.0152165347334053,8.67168601555826,0.952443631122069,5.00000000000006,0.0500000000000006,"Figure 6 generator-noise stability",1.5,NA,NA,NA
"LogNormal",NA,"Synthetic-only",0.941915,0.00341125217686136,8.32816657700426,0.114266335577033,0.320000000000029,0.00320000000000029,"Figure 6 generator-noise stability",1.5,NA,NA,NA
"LogNormal",NA,"SCP",0.949435,0.0283728472239915,9.40075243266967,2.55525955334405,0,0,"Figure 6 generator-noise stability",2,NA,NA,NA
"LogNormal",NA,"RSA-CP (OT) (Ours)",0.938495,0.0303681530920506,8.56916878595067,1.77801769356866,0.479999999999947,0.00479999999999947,"Figure 6 generator-noise stability",2,NA,NA,NA
"LogNormal",NA,"SPI",0.96193,0.0165106363024297,9.55311490532376,0.977962760040083,4.75000000000001,0.0475000000000001,"Figure 6 generator-noise stability",2,NA,NA,NA
"LogNormal",NA,"Synthetic-only",0.969375,0.00155598388763698,9.92666060639295,0.148629448070084,0.190000000000005,0.00190000000000005,"Figure 6 generator-noise stability",2,NA,NA,NA
"LogNormal",NA,"SCP",0.949435,0.0283728472239915,9.40075243266967,2.55525955334405,0,0,"Figure 6 generator-noise stability",3,NA,NA,NA
"LogNormal",NA,"RSA-CP (OT) (Ours)",0.9385,0.0303369128757078,8.57318869525354,1.76626393797377,0.570000000000057,0.00570000000000057,"Figure 6 generator-noise stability",3,NA,NA,NA
"LogNormal",NA,"SPI",0.97147,0.0222172264586548,11.1365190047972,2.11792238606485,4.91999999999992,0.0491999999999992,"Figure 6 generator-noise stability",3,NA,NA,NA
"LogNormal",NA,"Synthetic-only",0.9886,0.00119553039664115,13.214428452878,0.235456534647457,0.320000000000014,0.00320000000000015,"Figure 6 generator-noise stability",3,NA,NA,NA
"Student-t",NA,"SCP",0.94782,0.0359652975277924,7.35517491935331,2.4840286707973,0,0,"Figure 6 generator-noise stability",0.25,NA,NA,NA
"Student-t",NA,"RSA-CP (OT) (Ours)",0.934505,0.0378970225503511,6.40534221119429,1.68903071152684,0.569999999999979,0.00569999999999979,"Figure 6 generator-noise stability",0.25,NA,NA,NA
"Student-t",NA,"SPI",0.94981,0.0158938683304302,6.65144244556475,0.925737689872761,4.65000000000002,0.0465000000000002,"Figure 6 generator-noise stability",0.25,NA,NA,NA
"Student-t",NA,"Synthetic-only",0.94914,0.00416580597171056,6.43917963451667,0.201446365721053,0.150000000000006,0.00150000000000006,"Figure 6 generator-noise stability",0.25,NA,NA,NA
"Student-t",NA,"SCP",0.94782,0.0359652975277924,7.35517491935331,2.4840286707973,0,0,"Figure 6 generator-noise stability",0.5,NA,NA,NA
"Student-t",NA,"RSA-CP (OT) (Ours)",0.934755,0.0374967672007208,6.40872541229938,1.67948702193715,0.630000000000052,0.00630000000000052,"Figure 6 generator-noise stability",0.5,NA,NA,NA
"Student-t",NA,"SPI",0.95164,0.0158104427834928,6.7485514006018,0.908102548012614,4.67999999999993,0.0467999999999993,"Figure 6 generator-noise stability",0.5,NA,NA,NA
"Student-t",NA,"Synthetic-only",0.951855,0.00385356649708743,6.57989617904079,0.213648805644395,0.170000000000023,0.00170000000000023,"Figure 6 generator-noise stability",0.5,NA,NA,NA
"Student-t",NA,"SCP",0.94782,0.0359652975277924,7.35517491935331,2.4840286707973,0,0,"Figure 6 generator-noise stability",1,NA,NA,NA
"Student-t",NA,"RSA-CP (OT) (Ours)",0.93493,0.0376526536014704,6.42360671609647,1.69402764222526,0.510000000000012,0.00510000000000012,"Figure 6 generator-noise stability",1,NA,NA,NA
"Student-t",NA,"SPI",0.9584,0.0167330496172978,7.23943134526571,0.909901403507136,4.77000000000005,0.0477000000000005,"Figure 6 generator-noise stability",1,NA,NA,NA
"Student-t",NA,"Synthetic-only",0.962655,0.00195878621455825,7.34335261915754,0.19877958145733,0.199999999999974,0.00199999999999974,"Figure 6 generator-noise stability",1,NA,NA,NA
"Student-t",NA,"SCP",0.94782,0.0359652975277924,7.35517491935331,2.4840286707973,0,0,"Figure 6 generator-noise stability",1.5,NA,NA,NA
"Student-t",NA,"RSA-CP (OT) (Ours)",0.934955,0.03747767652048,6.42067676847987,1.69242556140927,0.619999999999983,0.00619999999999983,"Figure 6 generator-noise stability",1.5,NA,NA,NA
"Student-t",NA,"SPI",0.96689,0.0199364622050284,8.0023030954826,1.16818651001417,4.5599999999999,0.045599999999999,"Figure 6 generator-noise stability",1.5,NA,NA,NA
"Student-t",NA,"Synthetic-only",0.9758,0.00167573291669074,8.52731604428574,0.187905551444689,0.18,0.0018,"Figure 6 generator-noise stability",1.5,NA,NA,NA
"Student-t",NA,"SCP",0.94782,0.0359652975277924,7.35517491935331,2.4840286707973,0,0,"Figure 6 generator-noise stability",2,NA,NA,NA
"Student-t",NA,"RSA-CP (OT) (Ours)",0.935035,0.0376993191134291,6.44430852169108,1.73408344021531,0.57000000000005,0.0057000000000005,"Figure 6 generator-noise stability",2,NA,NA,NA
"Student-t",NA,"SPI",0.97185,0.0226004491776226,8.7987127983581,1.67964187663136,4.82999999999999,0.0482999999999999,"Figure 6 generator-noise stability",2,NA,NA,NA
"Student-t",NA,"Synthetic-only",0.98529,0.000951288334286459,10.0390537002324,0.199702329183836,0.109999999999964,0.00109999999999964,"Figure 6 generator-noise stability",2,NA,NA,NA
"Student-t",NA,"SCP",0.94782,0.0359652975277924,7.35517491935331,2.4840286707973,0,0,"Figure 6 generator-noise stability",3,NA,NA,NA
"Student-t",NA,"RSA-CP (OT) (Ours)",0.935435,0.0378911022710231,6.47153517652021,1.7572498179598,0.489999999999988,0.00489999999999988,"Figure 6 generator-noise stability",3,NA,NA,NA
"Student-t",NA,"SPI",0.97585,0.0253404595240278,10.0457344545014,2.87123645769324,4.61999999999993,0.0461999999999993,"Figure 6 generator-noise stability",3,NA,NA,NA
"Student-t",NA,"Synthetic-only",0.995725,0.000269445746117836,13.3770549173132,0.298127034559453,0.130000000000017,0.00130000000000017,"Figure 6 generator-noise stability",3,NA,NA,NA
"LogNormal",NA,"SCP",0.950825,0.0464716909048461,11.0543388986622,4.64198346101638,0.0300000000000153,0.000300000000000153,"Figure 7 calibration size",NA,20,NA,NA
"LogNormal",NA,"RSA-CP (OT) (Ours)",0.922265,0.053636611902353,8.46882539192275,2.38099942349445,0.650000000000077,0.00650000000000077,"Figure 7 calibration size",NA,20,NA,NA
"LogNormal",NA,"SPI",0.967725,0.0160817631514895,10.8629058183388,2.03287991524214,2.6099999999999,0.026099999999999,"Figure 7 calibration size",NA,20,NA,NA
"LogNormal",NA,"Synthetic-only",0.963375,0.0172940076911109,10.3857326366929,1.99640793185202,0.329999999999998,0.00329999999999998,"Figure 7 calibration size",NA,20,NA,NA
"LogNormal",NA,"SCP",0.961035,0.0367933936071588,11.8880381234379,5.19575655855379,0.039999999999992,0.00039999999999992,"Figure 7 calibration size",NA,30,NA,NA
"LogNormal",NA,"RSA-CP (OT) (Ours)",0.92665,0.0482163422147062,8.50171951096228,2.04221295305547,0.609999999999957,0.00609999999999957,"Figure 7 calibration size",NA,30,NA,NA
"LogNormal",NA,"SPI",0.968925,0.0162594766461926,11.0261191287062,2.09431418819362,3.68000000000004,0.0368000000000004,"Figure 7 calibration size",NA,30,NA,NA
"LogNormal",NA,"Synthetic-only",0.966615,0.0170791169963127,10.7664882238377,2.06192021832808,0.239999999999924,0.00239999999999924,"Figure 7 calibration size",NA,30,NA,NA
"LogNormal",NA,"SCP",0.937175,0.0387099662864615,8.97122374860576,2.21998148280735,0.019999999999996,0.00019999999999996,"Figure 7 calibration size",NA,40,NA,NA
"LogNormal",NA,"RSA-CP (OT) (Ours)",0.922755,0.0420934203332722,8.17986338526853,1.72908955652643,0.600000000000009,0.00600000000000009,"Figure 7 calibration size",NA,40,NA,NA
"LogNormal",NA,"SPI",0.95537,0.0239152142944084,9.68977281884263,1.62668450109687,5.1899999999998,0.051899999999998,"Figure 7 calibration size",NA,40,NA,NA
"LogNormal",NA,"Synthetic-only",0.96489,0.0163006134853876,10.5047010868885,1.91448294983391,0.429999999999922,0.00429999999999922,"Figure 7 calibration size",NA,40,NA,NA
"LogNormal",NA,"SCP",0.945325,0.0224068639149938,8.8435186949274,1.12654670329423,0.0299999999999727,0.000299999999999727,"Figure 7 calibration size",NA,80,NA,NA
"LogNormal",NA,"RSA-CP (OT) (Ours)",0.937775,0.0249709300684786,8.46448533327673,1.07457307451506,0.910000000000139,0.00910000000000139,"Figure 7 calibration size",NA,80,NA,NA
"LogNormal",NA,"SPI",0.958335,0.015506442942444,9.71281792041773,1.31503431567278,9.30000000000001,0.0930000000000001,"Figure 7 calibration size",NA,80,NA,NA
"LogNormal",NA,"Synthetic-only",0.962815,0.0184075158947138,10.3881429207654,2.05761445525003,0.220000000000027,0.00220000000000027,"Figure 7 calibration size",NA,80,NA,NA
"LogNormal",NA,"SCP",0.940995,0.0204971659780398,8.58448034139445,1.03581574493125,0.0199999999999818,0.000199999999999818,"Figure 7 calibration size",NA,160,NA,NA
"LogNormal",NA,"RSA-CP (OT) (Ours)",0.93679,0.0215013718143515,8.37870071276853,0.992049283921771,1.02999999999997,0.0102999999999997,"Figure 7 calibration size",NA,160,NA,NA
"LogNormal",NA,"SPI",0.95046,0.014975515370299,9.04932536578515,1.01994671529528,18.0599999999999,0.180599999999999,"Figure 7 calibration size",NA,160,NA,NA
"LogNormal",NA,"Synthetic-only",0.96335,0.0185713883338447,10.4585072619603,2.07800527537381,0.240000000000066,0.00240000000000066,"Figure 7 calibration size",NA,160,NA,NA
"Student-t",NA,"SCP",0.963865,0.0391692684500118,8.37525203174176,3.42501951121912,0.0200000000000102,0.000200000000000102,"Figure 7 calibration size",NA,20,NA,NA
"Student-t",NA,"RSA-CP (OT) (Ours)",0.940085,0.0464873206890705,6.2397646290795,1.8309907110746,0.650000000000091,0.00650000000000091,"Figure 7 calibration size",NA,20,NA,NA
"Student-t",NA,"SPI",0.99259,0.00181099336544808,11.6103264655475,0.693672804329614,2.63999999999986,0.0263999999999986,"Figure 7 calibration size",NA,20,NA,NA
"Student-t",NA,"Synthetic-only",0.99243,0.00182576952089641,11.5448308375288,0.710112568234119,0.210000000000008,0.00210000000000008,"Figure 7 calibration size",NA,20,NA,NA
"Student-t",NA,"SCP",0.97528,0.0251285905017783,9.32314935449959,3.6663445485593,0,0,"Figure 7 calibration size",NA,30,NA,NA
"Student-t",NA,"RSA-CP (OT) (Ours)",0.941975,0.0386301012453012,6.12076584503286,1.61175338450803,0.67999999999995,0.0067999999999995,"Figure 7 calibration size",NA,30,NA,NA
"Student-t",NA,"SPI",0.992585,0.0015109950564466,11.5898209836303,0.578410883304196,3.71000000000006,0.0371000000000006,"Figure 7 calibration size",NA,30,NA,NA
"Student-t",NA,"Synthetic-only",0.992485,0.00151666666666667,11.5450661555012,0.568653749133191,0.130000000000024,0.00130000000000024,"Figure 7 calibration size",NA,30,NA,NA
"Student-t",NA,"SCP",0.95501,0.0304220298302053,6.91951731888855,2.23381477395276,0.019999999999996,0.00019999999999996,"Figure 7 calibration size",NA,40,NA,NA
"Student-t",NA,"RSA-CP (OT) (Ours)",0.94225,0.0346301162212163,6.11322996310378,1.7028427143941,0.580000000000027,0.00580000000000027,"Figure 7 calibration size",NA,40,NA,NA
"Student-t",NA,"SPI",0.97762,0.0209989321517822,9.06601103605431,2.27122868800952,4.86000000000006,0.0486000000000006,"Figure 7 calibration size",NA,40,NA,NA
"Student-t",NA,"Synthetic-only",0.99247,0.00175927556256844,11.5483545337996,0.690456466605066,0.180000000000035,0.00180000000000035,"Figure 7 calibration size",NA,40,NA,NA
"Student-t",NA,"SCP",0.963045,0.0216001420449875,7.00025143007881,1.43872630729332,0.0199999999999818,0.000199999999999818,"Figure 7 calibration size",NA,80,NA,NA
"Student-t",NA,"RSA-CP (OT) (Ours)",0.957095,0.0232095956079124,6.5671742579516,1.27245412015573,0.88999999999993,0.0088999999999993,"Figure 7 calibration size",NA,80,NA,NA
"Student-t",NA,"SPI",0.981105,0.0129307196281186,9.03794881330593,1.86552816507041,9.3000000000001,0.093000000000001,"Figure 7 calibration size",NA,80,NA,NA
"Student-t",NA,"Synthetic-only",0.992395,0.0013433243100682,11.5531325383143,0.523297328097342,0.189999999999998,0.00189999999999998,"Figure 7 calibration size",NA,80,NA,NA
"Student-t",NA,"SCP",0.96427,0.0132181425672934,6.82785172989722,1.02373057807879,0,0,"Figure 7 calibration size",NA,160,NA,NA
"Student-t",NA,"RSA-CP (OT) (Ours)",0.961095,0.0138335514769218,6.60802792828865,0.95451252435548,1.0200000000001,0.010200000000001,"Figure 7 calibration size",NA,160,NA,NA
"Student-t",NA,"SPI",0.975055,0.0108138274277133,7.79810664137326,1.23950390742148,18.0499999999999,0.180499999999999,"Figure 7 calibration size",NA,160,NA,NA
"Student-t",NA,"Synthetic-only",0.99241,0.00151153811554571,11.535188849295,0.542045792049149,0.189999999999912,0.00189999999999912,"Figure 7 calibration size",NA,160,NA,NA
"LogNormal",NA,NA,0.94869,0.0277892301644236,8.5283495880971,2.18859141229135,NA,NA,"Figure 7 score-distribution boxplot",NA,NA,"RSA-CP Beta",NA
"LogNormal",NA,NA,0.948425,0.027889154240357,8.53241746809062,2.26206055622867,NA,NA,"Figure 7 score-distribution boxplot",NA,NA,"RSA-CP Gamma",NA
"LogNormal",NA,NA,0.9487,0.0276673968505324,8.5482513820641,2.22532271404259,NA,NA,"Figure 7 score-distribution boxplot",NA,NA,"RSA-CP Normal",NA
"LogNormal",NA,NA,0.957585,0.0271140553025455,9.47440290745948,3.08795847695622,NA,NA,"Figure 7 score-distribution boxplot",NA,NA,"SCP",NA
"Student-t",NA,NA,0.94262,0.041784869911672,6.68470259854459,1.78870953165222,NA,NA,"Figure 7 score-distribution boxplot",NA,NA,"RSA-CP Beta",NA
"Student-t",NA,NA,0.94168,0.0416755457206155,6.62805752089718,1.77027154073493,NA,NA,"Figure 7 score-distribution boxplot",NA,NA,"RSA-CP Gamma",NA
"Student-t",NA,NA,0.942525,0.0418161787234355,6.67860947846775,1.78931226335319,NA,NA,"Figure 7 score-distribution boxplot",NA,NA,"RSA-CP Normal",NA
"Student-t",NA,NA,0.95411,0.0395637562433196,7.60469343740328,2.38228456683173,NA,NA,"Figure 7 score-distribution boxplot",NA,NA,"SCP",NA
"LogNormal",NA,"SCP",0.960845,0.0383876226237973,10.9082486704054,4.03972801100125,0.0199999999999818,0.000199999999999818,"Shock probability drift",NA,NA,NA,0
"LogNormal",NA,"RSA-CP (OT) (Ours)",0.936555,0.0443230732602369,8.53897257674948,2.25847166619753,0.470000000000056,0.00470000000000056,"Shock probability drift",NA,NA,NA,0
"LogNormal",NA,"SCP",0.960845,0.0383876226237973,10.9082486704054,4.03972801100125,0.0199999999999818,0.000199999999999818,"Shock probability drift",NA,NA,NA,0.1
"LogNormal",NA,"RSA-CP (OT) (Ours)",0.936605,0.0460167566647128,8.58832789223439,2.32640795209597,0.270000000000067,0.00270000000000067,"Shock probability drift",NA,NA,NA,0.1
"LogNormal",NA,"SCP",0.960845,0.0383876226237973,10.9082486704054,4.03972801100125,0.0199999999999818,0.000199999999999818,"Shock probability drift",NA,NA,NA,0.2
"LogNormal",NA,"RSA-CP (OT) (Ours)",0.93109,0.0501163484687221,8.36768502972541,2.30467873885414,0.419999999999902,0.00419999999999902,"Shock probability drift",NA,NA,NA,0.2
"LogNormal",NA,"SCP",0.960845,0.0383876226237973,10.9082486704054,4.03972801100125,0.0199999999999818,0.000199999999999818,"Shock probability drift",NA,NA,NA,0.3
"LogNormal",NA,"RSA-CP (OT) (Ours)",0.92965,0.0492431864742871,8.27415484224289,2.25725858671182,0.32000000000005,0.0032000000000005,"Shock probability drift",NA,NA,NA,0.3
"LogNormal",NA,"SCP",0.960845,0.0383876226237973,10.9082486704054,4.03972801100125,0.0199999999999818,0.000199999999999818,"Shock probability drift",NA,NA,NA,0.4
"LogNormal",NA,"RSA-CP (OT) (Ours)",0.92598,0.0536226018982988,8.18937383867866,2.28072843924384,0.280000000000001,0.00280000000000001,"Shock probability drift",NA,NA,NA,0.4
"LogNormal",NA,"SCP",0.960845,0.0383876226237973,10.9082486704054,4.03972801100125,0.0199999999999818,0.000199999999999818,"Shock probability drift",NA,NA,NA,0.5
"LogNormal",NA,"RSA-CP (OT) (Ours)",0.926435,0.0538364364899776,8.19719525185996,2.26714381760505,0.389999999999958,0.00389999999999958,"Shock probability drift",NA,NA,NA,0.5
"Student-t",NA,"SCP",0.95415,0.0408046900156431,10.2678605035677,10.7184532439254,0.0600000000000307,0.000600000000000307,"Shock probability drift",NA,NA,NA,0
"Student-t",NA,"RSA-CP (OT) (Ours)",0.921335,0.0583432050088703,6.39143689943788,3.2993326405926,0.349999999999937,0.00349999999999937,"Shock probability drift",NA,NA,NA,0
"Student-t",NA,"SCP",0.95415,0.0408046900156431,10.2678605035677,10.7184532439254,0.0600000000000307,0.000600000000000307,"Shock probability drift",NA,NA,NA,0.1
"Student-t",NA,"RSA-CP (OT) (Ours)",0.922405,0.0611816592558009,6.74110028815979,4.24072504281135,0.439999999999969,0.00439999999999969,"Shock probability drift",NA,NA,NA,0.1
"Student-t",NA,"SCP",0.95415,0.0408046900156431,10.2678605035677,10.7184532439254,0.0600000000000307,0.000600000000000307,"Shock probability drift",NA,NA,NA,0.2
"Student-t",NA,"RSA-CP (OT) (Ours)",0.91802,0.0626115134473015,6.50411460261788,4.09606588870429,0.350000000000051,0.00350000000000051,"Shock probability drift",NA,NA,NA,0.2
"Student-t",NA,"SCP",0.95415,0.0408046900156431,10.2678605035677,10.7184532439254,0.0600000000000307,0.000600000000000307,"Shock probability drift",NA,NA,NA,0.3
"Student-t",NA,"RSA-CP (OT) (Ours)",0.915915,0.0631145365365398,6.31427265536581,3.29295378389479,0.349999999999966,0.00349999999999966,"Shock probability drift",NA,NA,NA,0.3
"Student-t",NA,"SCP",0.95415,0.0408046900156431,10.2678605035677,10.7184532439254,0.0600000000000307,0.000600000000000307,"Shock probability drift",NA,NA,NA,0.4
"Student-t",NA,"RSA-CP (OT) (Ours)",0.914365,0.0683181008521197,6.30240242796184,3.38109624759709,0.320000000000022,0.00320000000000022,"Shock probability drift",NA,NA,NA,0.4
"Student-t",NA,"SCP",0.95415,0.0408046900156431,10.2678605035677,10.7184532439254,0.0600000000000307,0.000600000000000307,"Shock probability drift",NA,NA,NA,0.5
"Student-t",NA,"RSA-CP (OT) (Ours)",0.914245,0.0675274540128276,6.29902924249271,3.51748499783141,0.309999999999917,0.00309999999999917,"Shock probability drift",NA,NA,NA,0.5
