"Dataset","Noise","Method","Mean_Cov","SD_Cov","Mean_Width","SD_Width","Total_Time","Mean_Time"
"LogNormal",0.25,"SCP",0.949435,0.0283728472239915,9.40075243266967,2.55525955334405,0,0
"LogNormal",0.25,"RSA-CP (OT) (Ours)",0.938645,0.0302413937168807,8.58889971963185,1.82027509758958,0.670000000000016,0.00670000000000016
"LogNormal",0.25,"SPI",0.926545,0.033131746120754,7.94549785600057,1.46041697114038,4.87999999999995,0.0487999999999995
"LogNormal",0.25,"Synthetic-only",0.727665,0.00174664902836341,4.28668292607831,0.0230992598684958,0.239999999999981,0.00239999999999981
"LogNormal",0.5,"SCP",0.949435,0.0283728472239915,9.40075243266967,2.55525955334405,0,0
"LogNormal",0.5,"RSA-CP (OT) (Ours)",0.938945,0.0301303477168013,8.58963256699118,1.7690273589057,0.539999999999985,0.00539999999999985
"LogNormal",0.5,"SPI",0.926545,0.033131746120754,7.94549785600057,1.46041697114038,4.83000000000007,0.0483000000000007
"LogNormal",0.5,"Synthetic-only",0.805885,0.00318047626825438,5.04298013466154,0.0390467301161644,0.279999999999966,0.00279999999999966
"LogNormal",1,"SCP",0.949435,0.0283728472239915,9.40075243266967,2.55525955334405,0,0
"LogNormal",1,"RSA-CP (OT) (Ours)",0.938165,0.0303657880822907,8.56247609744325,1.79627314630005,0.549999999999969,0.00549999999999969
"LogNormal",1,"SPI",0.930975,0.0263542662293005,8.03400743755529,1.35693713984801,4.98999999999991,0.0498999999999991
"LogNormal",1,"Synthetic-only",0.899905,0.00235025788398042,6.6390763108859,0.0790363156492644,0.329999999999998,0.00329999999999998
"LogNormal",1.5,"SCP",0.949435,0.0283728472239915,9.40075243266967,2.55525955334405,0,0
"LogNormal",1.5,"RSA-CP (OT) (Ours)",0.93864,0.0301373187227726,8.57947009039052,1.77709608071706,0.560000000000038,0.00560000000000038
"LogNormal",1.5,"SPI",0.94695,0.0152165347334053,8.67168601555826,0.952443631122069,5.00000000000006,0.0500000000000006
"LogNormal",1.5,"Synthetic-only",0.941915,0.00341125217686136,8.32816657700426,0.114266335577033,0.320000000000029,0.00320000000000029
"LogNormal",2,"SCP",0.949435,0.0283728472239915,9.40075243266967,2.55525955334405,0,0
"LogNormal",2,"RSA-CP (OT) (Ours)",0.938495,0.0303681530920506,8.56916878595067,1.77801769356866,0.479999999999947,0.00479999999999947
"LogNormal",2,"SPI",0.96193,0.0165106363024297,9.55311490532376,0.977962760040083,4.75000000000001,0.0475000000000001
"LogNormal",2,"Synthetic-only",0.969375,0.00155598388763698,9.92666060639295,0.148629448070084,0.190000000000005,0.00190000000000005
"LogNormal",3,"SCP",0.949435,0.0283728472239915,9.40075243266967,2.55525955334405,0,0
"LogNormal",3,"RSA-CP (OT) (Ours)",0.9385,0.0303369128757078,8.57318869525354,1.76626393797377,0.570000000000057,0.00570000000000057
"LogNormal",3,"SPI",0.97147,0.0222172264586548,11.1365190047972,2.11792238606485,4.91999999999992,0.0491999999999992
"LogNormal",3,"Synthetic-only",0.9886,0.00119553039664115,13.214428452878,0.235456534647457,0.320000000000014,0.00320000000000015
"Student-t",0.25,"SCP",0.94782,0.0359652975277924,7.35517491935331,2.4840286707973,0,0
"Student-t",0.25,"RSA-CP (OT) (Ours)",0.934505,0.0378970225503511,6.40534221119429,1.68903071152684,0.569999999999979,0.00569999999999979
"Student-t",0.25,"SPI",0.94981,0.0158938683304302,6.65144244556475,0.925737689872761,4.65000000000002,0.0465000000000002
"Student-t",0.25,"Synthetic-only",0.94914,0.00416580597171056,6.43917963451667,0.201446365721053,0.150000000000006,0.00150000000000006
"Student-t",0.5,"SCP",0.94782,0.0359652975277924,7.35517491935331,2.4840286707973,0,0
"Student-t",0.5,"RSA-CP (OT) (Ours)",0.934755,0.0374967672007208,6.40872541229938,1.67948702193715,0.630000000000052,0.00630000000000052
"Student-t",0.5,"SPI",0.95164,0.0158104427834928,6.7485514006018,0.908102548012614,4.67999999999993,0.0467999999999993
"Student-t",0.5,"Synthetic-only",0.951855,0.00385356649708743,6.57989617904079,0.213648805644395,0.170000000000023,0.00170000000000023
"Student-t",1,"SCP",0.94782,0.0359652975277924,7.35517491935331,2.4840286707973,0,0
"Student-t",1,"RSA-CP (OT) (Ours)",0.93493,0.0376526536014704,6.42360671609647,1.69402764222526,0.510000000000012,0.00510000000000012
"Student-t",1,"SPI",0.9584,0.0167330496172978,7.23943134526571,0.909901403507136,4.77000000000005,0.0477000000000005
"Student-t",1,"Synthetic-only",0.962655,0.00195878621455825,7.34335261915754,0.19877958145733,0.199999999999974,0.00199999999999974
"Student-t",1.5,"SCP",0.94782,0.0359652975277924,7.35517491935331,2.4840286707973,0,0
"Student-t",1.5,"RSA-CP (OT) (Ours)",0.934955,0.03747767652048,6.42067676847987,1.69242556140927,0.619999999999983,0.00619999999999983
"Student-t",1.5,"SPI",0.96689,0.0199364622050284,8.0023030954826,1.16818651001417,4.5599999999999,0.045599999999999
"Student-t",1.5,"Synthetic-only",0.9758,0.00167573291669074,8.52731604428574,0.187905551444689,0.18,0.0018
"Student-t",2,"SCP",0.94782,0.0359652975277924,7.35517491935331,2.4840286707973,0,0
"Student-t",2,"RSA-CP (OT) (Ours)",0.935035,0.0376993191134291,6.44430852169108,1.73408344021531,0.57000000000005,0.0057000000000005
"Student-t",2,"SPI",0.97185,0.0226004491776226,8.7987127983581,1.67964187663136,4.82999999999999,0.0482999999999999
"Student-t",2,"Synthetic-only",0.98529,0.000951288334286459,10.0390537002324,0.199702329183836,0.109999999999964,0.00109999999999964
"Student-t",3,"SCP",0.94782,0.0359652975277924,7.35517491935331,2.4840286707973,0,0
"Student-t",3,"RSA-CP (OT) (Ours)",0.935435,0.0378911022710231,6.47153517652021,1.7572498179598,0.489999999999988,0.00489999999999988
"Student-t",3,"SPI",0.97585,0.0253404595240278,10.0457344545014,2.87123645769324,4.61999999999993,0.0461999999999993
"Student-t",3,"Synthetic-only",0.995725,0.000269445746117836,13.3770549173132,0.298127034559453,0.130000000000017,0.00130000000000017
